-- ============================================================
-- Olive Young Beauty Retail — Seed Data
-- 7 regions, 10 brands, 12 categories, 20 ingredients,
-- 8 skin concerns, 5 regulations, 100 products, 20 stores,
-- 50 customers, 200 transactions, 80 reviews, 6 promotions
-- Prerequisite: schema.sql must be applied first.
-- ============================================================

-- --- Regions (7) ---
INSERT INTO regions (id, name, type) VALUES
  ('reg-seoul',    '서울', '특별시'),
  ('reg-gyeonggi', '경기', '도'),
  ('reg-busan',    '부산', '광역시'),
  ('reg-daegu',    '대구', '광역시'),
  ('reg-incheon',  '인천', '광역시'),
  ('reg-daejeon',  '대전', '광역시'),
  ('reg-gwangju',  '광주', '광역시');

-- --- Categories (16) ---
-- Top-level first (no parent)
INSERT INTO categories (id, name, parent_id) VALUES
  ('cat-skincare', '스킨케어', NULL),
  ('cat-makeup',   '메이크업', NULL),
  ('cat-haircare', '헤어케어', NULL),
  ('cat-bodycare', '바디케어', NULL),
  ('cat-mens',     '남성',     NULL);

-- Sub-categories
INSERT INTO categories (id, name, parent_id) VALUES
  ('cat-toner',      '토너/스킨',         'cat-skincare'),
  ('cat-serum',      '세럼/에센스',        'cat-skincare'),
  ('cat-cream',      '크림/로션',          'cat-skincare'),
  ('cat-suncare',    '선케어',             'cat-skincare'),
  ('cat-mask',       '마스크/팩',          'cat-skincare'),
  ('cat-cleanser',   '클렌저',             'cat-skincare'),
  ('cat-lip',        '립',                 'cat-makeup'),
  ('cat-foundation', '파운데이션/베이스',   'cat-makeup'),
  ('cat-eye',        '아이',               'cat-makeup'),
  ('cat-shampoo',    '샴푸/트리트먼트',    'cat-haircare'),
  ('cat-bodywash',   '바디워시/로션',      'cat-bodycare');

-- --- Brands (30) ---
INSERT INTO brands (id, name, country, founded_year) VALUES
  ('br-roundlab',        '라운드랩',   '한국', 2018),
  ('br-cosrx',           '코스알엑스', '한국', 2013),
  ('br-innisfree',       '이니스프리', '한국', 2000),
  ('br-torriden',        '토리든',     '한국', 2019),
  ('br-anua',            '아누아',     '한국', 2020),
  ('br-beauty-of-joseon','조선미녀',   '한국', 2017),
  ('br-isntree',         '이즈앤트리', '한국', 2011),
  ('br-mixsoon',         '믹순',       '한국', 2020),
  ('br-numbuzin',        '넘버즈인',   '한국', 2020),
  ('br-skin1004',        '스킨1004',   '한국', 2017),
  ('br-medicube',        '메디큐브',   '한국', 2018),
  ('br-romand',          '롬앤',       '한국', 2016),
  ('br-clio',            '클리오',     '한국', 1993),
  ('br-peripera',        '페리페라',   '한국', 2005),
  ('br-tirtir',          '티르티르',   '한국', 2017),
  ('br-amuse',           '어뮤즈',     '한국', 2018),
  ('br-laneige',         '라네즈',     '한국', 1994),
  ('br-sulwhasoo',       '설화수',     '한국', 1997),
  ('br-mise-en-scene',   '미장센',     '한국', 2000),
  ('br-ryo',             '려',         '한국', 2008),
  ('br-moremo',          '모레모',     '한국', 2018),
  ('br-kundal',          '쿤달',       '한국', 2017),
  ('br-illiyoon',        '일리윤',     '한국', 2005),
  ('br-dr-g',            '닥터지',     '한국', 2003),
  ('br-some-by-mi',      '썸바이미',   '한국', 2016),
  ('br-celimax',         '셀리맥스',   '한국', 2018),
  ('br-abib',            '아비브',     '한국', 2017),
  ('br-etude',           '에뛰드',     '한국', 1985),
  ('br-dashu',           '다슈',       '한국', 2015),
  ('br-benton',          '벤톤',       '한국', 2011),
  ('br-mediheal',        '메디힐',     '한국', 2009);

-- --- Ingredients (25) ---
INSERT INTO ingredients (id, name, name_inci, ingredient_type, ewg_grade) VALUES
  ('ig-retinol',      '레티놀',         'Retinol',                                          'active',           4),
  ('ig-niacinamide',  '나이아신아마이드','Niacinamide',                                      'active',           1),
  ('ig-vitc',         '비타민C',        'Ascorbic Acid',                                     'antioxidant',      1),
  ('ig-vite',         '비타민E',        'Tocopherol',                                        'antioxidant',      1),
  ('ig-adenosine',    '아데노신',       'Adenosine',                                          'active',           1),
  ('ig-glutathione',  '글루타치온',     'Glutathione',                                        'antioxidant',      1),
  ('ig-ha',           '히알루론산',     'Hyaluronic Acid',                                    'moisturizer',      1),
  ('ig-ceramide',     '세라마이드',     'Ceramide NP',                                        'moisturizer',      1),
  ('ig-panthenol',    '판테놀',         'Panthenol',                                          'moisturizer',      1),
  ('ig-collagen',     '콜라겐',         'Hydrolyzed Collagen',                                'moisturizer',      1),
  ('ig-snail',        '달팽이 뮤신',    'Snail Secretion Filtrate',                           'moisturizer',      1),
  ('ig-aha',          'AHA (글리콜산)', 'Glycolic Acid',                                      'exfoliant',        4),
  ('ig-bha',          'BHA (살리실산)', 'Salicylic Acid',                                     'exfoliant',        3),
  ('ig-centella',     '센텔라',         'Centella Asiatica Extract',                           'active',           1),
  ('ig-greentea',     '녹차 추출물',    'Camellia Sinensis Leaf Extract',                     'antioxidant',      1),
  ('ig-houttuynia',   '어성초',         'Houttuynia Cordata Extract',                         'active',           1),
  ('ig-rice',         '쌀 추출물',      'Oryza Sativa Bran Extract',                          'active',           1),
  ('ig-aloe',         '알로에',         'Aloe Barbadensis Leaf Extract',                      'moisturizer',      1),
  ('ig-birch',        '자작나무 수액',  'Betula Alba Juice',                                  'moisturizer',      1),
  ('ig-galactomyces', '갈락토미세스',   'Galactomyces Ferment Filtrate',                      'active',           1),
  ('ig-deepsea',      '독도 심층수',    'Deep Sea Water',                                     'moisturizer',      1),
  ('ig-noni',         '노니 추출물',    'Morinda Citrifolia Fruit Extract',                   'antioxidant',      1),
  ('ig-yuzu',         '유자 추출물',    'Citrus Junos Fruit Extract',                         'antioxidant',      1),
  ('ig-zincoxide',    '징크옥사이드',   'Zinc Oxide',                                         'sunscreen_filter', 2),
  ('ig-tinosorb',     '티노솔브S',      'Bis-Ethylhexyloxyphenol Methoxyphenyl Triazine',    'sunscreen_filter', 3);

-- --- Skin Concerns (8) ---
INSERT INTO skin_concerns (id, name) VALUES
  ('sc-dryness',      '건조'),
  ('sc-acne',         '여드름'),
  ('sc-aging',        '노화'),
  ('sc-brightening',  '미백'),
  ('sc-sensitivity',  '민감'),
  ('sc-pores',        '모공'),
  ('sc-pigmentation', '색소침착'),
  ('sc-elasticity',   '탄력저하');

-- --- Regulations (6) ---
INSERT INTO regulations (id, name, authority, status, effective_date) VALUES
  ('reg-eu-retinol',   'EU 레티놀 농도 제한',           'EU_SCCS', 'restricted', '2025-05-01'),
  ('reg-eu-aha',       'EU AHA 농도 제한 (일반화장품)', 'EU_SCCS', 'restricted', '2020-01-01'),
  ('reg-kr-retinol',   '식약처 레티놀 배합 한도',       'MFDS',    'restricted', '2023-07-01'),
  ('reg-kr-aha',       '식약처 AHA 농도 기준',          'MFDS',    'restricted', '2020-06-01'),
  ('reg-eu-zincoxide', 'EU 나노 징크옥사이드 규제',     'EU_SCCS', 'restricted', '2024-01-01'),
  ('reg-fda-sunscreen','FDA 선스크린 필터 규제',         'FDA',     'restricted', '2024-09-01');

-- --- Promotions (5) ---
INSERT INTO promotions (id, name, discount_pct, start_date, end_date) VALUES
  ('pm-001', '봄맞이 스킨케어 세일',  20, '2025-03-01', '2025-03-31'),
  ('pm-002', '여름 선케어 특가',       15, '2025-06-01', '2025-07-31'),
  ('pm-003', '올영세일 (메가할인)',     30, '2025-09-15', '2025-09-30'),
  ('pm-004', '블랙프라이데이 특가',    25, '2025-11-20', '2025-11-30'),
  ('pm-005', '신상 런칭 기념 할인',    10, '2025-04-01', '2025-04-15');

-- --- Products (100) ---
-- Skincare - Toner (12)
INSERT INTO products (id, name, price, size, launch_date, brand_id, category_id) VALUES
  ('p001', '라운드랩 독도 토너',                              13500, '200ml', '2020-03-01', 'br-roundlab',  'cat-toner'),
  ('p002', '아누아 어성초 77 토너',                           18000, '250ml', '2021-01-15', 'br-anua',      'cat-toner'),
  ('p003', '이즈앤트리 히알루로닉 애시드 토너',               14900, '200ml', '2019-06-01', 'br-isntree',   'cat-toner'),
  ('p004', '코스알엑스 AHA/BHA 클래리파잉 트리트먼트 토너',   13800, '150ml', '2018-09-01', 'br-cosrx',     'cat-toner'),
  ('p005', '토리든 다이브인 저분자 히알루론산 토너',           15800, '300ml', '2022-03-01', 'br-torriden',  'cat-toner'),
  ('p006', '넘버즈인 1번 맑은 결 토너패드',                   14500, '70매',  '2022-05-01', 'br-numbuzin',  'cat-toner'),
  ('p007', '라운드랩 소나무 진정 토너',                       14500, '200ml', '2021-08-01', 'br-roundlab',  'cat-toner'),
  ('p008', '아비브 어성초 pH 밸런스 토너',                    18000, '200ml', '2021-04-01', 'br-abib',      'cat-toner'),
  ('p009', '믹순 빈 에센스',                                  17000, '100ml', '2022-01-01', 'br-mixsoon',   'cat-toner'),
  ('p010', '이니스프리 그린티 씨드 스킨',                     16000, '200ml', '2019-01-01', 'br-innisfree', 'cat-toner'),
  ('p011', '벤톤 알로에 BHA 스킨 토너',                       15000, '200ml', '2020-07-01', 'br-benton',    'cat-toner'),
  ('p012', '셀리맥스 더 리얼 노니 에너지 앰플 토너',          16500, '200ml', '2022-02-01', 'br-celimax',   'cat-toner');

-- Skincare - Serum (15)
INSERT INTO products (id, name, price, size, launch_date, brand_id, category_id) VALUES
  ('p013', '코스알엑스 어드밴스드 스네일 96 뮤신 파워 에센스', 16800, '100ml', '2017-01-01', 'br-cosrx',           'cat-serum'),
  ('p014', '토리든 다이브인 저분자 히알루론산 세럼',           18500, '50ml',  '2021-09-01', 'br-torriden',        'cat-serum'),
  ('p015', '넘버즈인 5번 비타톤 글루타치온 C 세럼',           19800, '30ml',  '2022-06-01', 'br-numbuzin',        'cat-serum'),
  ('p016', '조선미녀 맑은 쌀 뷰티 세럼',                      17000, '30ml',  '2022-02-01', 'br-beauty-of-joseon','cat-serum'),
  ('p017', '아누아 어성초 77 수딩 세럼',                      20000, '30ml',  '2021-06-01', 'br-anua',            'cat-serum'),
  ('p018', '이즈앤트리 C 비타민 세럼',                        16000, '20ml',  '2021-03-01', 'br-isntree',         'cat-serum'),
  ('p019', '스킨1004 마다가스카르 센텔라 앰플',               18500, '55ml',  '2020-01-01', 'br-skin1004',        'cat-serum'),
  ('p020', '믹순 갈락토미세스 발효 에센스',                   18000, '100ml', '2022-04-01', 'br-mixsoon',         'cat-serum'),
  ('p021', '메디큐브 콜라겐 나이트 래핑 마스크',              26000, '75ml',  '2023-01-01', 'br-medicube',        'cat-serum'),
  ('p022', '라운드랩 자작나무 수분 세럼',                     15800, '30ml',  '2022-07-01', 'br-roundlab',        'cat-serum'),
  ('p023', '코스알엑스 더 비타민C 23 세럼',                   15800, '20ml',  '2020-05-01', 'br-cosrx',           'cat-serum'),
  ('p024', '닥터지 레드 블레미쉬 클리어 수딩 크림',           22000, '70ml',  '2019-09-01', 'br-dr-g',            'cat-serum'),
  ('p025', '썸바이미 유자 나이아신 브라이트닝 세럼',          16500, '30ml',  '2021-11-01', 'br-some-by-mi',      'cat-serum'),
  ('p026', '이니스프리 레티놀 시카 리페어 세럼',              24000, '30ml',  '2023-03-01', 'br-innisfree',       'cat-serum'),
  ('p027', '라네즈 워터 슬리핑 마스크 EX',                    28000, '70ml',  '2022-09-01', 'br-laneige',         'cat-serum');

-- Skincare - Cream (10)
INSERT INTO products (id, name, price, size, launch_date, brand_id, category_id) VALUES
  ('p028', '라운드랩 독도 크림',                              19500, '80ml',  '2020-09-01', 'br-roundlab',        'cat-cream'),
  ('p029', '코스알엑스 어드밴스드 스네일 92 올인원 크림',     19800, '100ml', '2017-05-01', 'br-cosrx',           'cat-cream'),
  ('p030', '일리윤 세라마이드 아토 컨센트레이트 크림',        18900, '200ml', '2020-10-01', 'br-illiyoon',        'cat-cream'),
  ('p031', '토리든 다이브인 수분 크림',                       22000, '100ml', '2022-08-01', 'br-torriden',        'cat-cream'),
  ('p032', '이즈앤트리 알로에 수딩 젤',                       12500, '80ml',  '2019-05-01', 'br-isntree',         'cat-cream'),
  ('p033', '조선미녀 조선왕조 크림',                          16000, '50ml',  '2021-01-01', 'br-beauty-of-joseon','cat-cream'),
  ('p034', '설화수 자음생 크림',                              89000, '60ml',  '2021-06-01', 'br-sulwhasoo',       'cat-cream'),
  ('p035', '이니스프리 그린티 씨드 크림',                     22000, '50ml',  '2020-02-01', 'br-innisfree',       'cat-cream'),
  ('p036', '넘버즈인 3번 콜라겐 탄력 크림',                   23800, '50ml',  '2023-02-01', 'br-numbuzin',        'cat-cream'),
  ('p037', '아비브 크림 코팅 마스크',                         16500, '70ml',  '2022-04-01', 'br-abib',            'cat-cream');

-- Skincare - Suncare (8)
INSERT INTO products (id, name, price, size, launch_date, brand_id, category_id) VALUES
  ('p038', '조선미녀 맑은 쌀 선크림',                         15000, '50ml', '2022-01-01', 'br-beauty-of-joseon','cat-suncare'),
  ('p039', '라운드랩 자작나무 수분 선크림',                   14500, '50ml', '2021-05-01', 'br-roundlab',        'cat-suncare'),
  ('p040', '토리든 다이브인 워터리 선크림',                   16800, '50ml', '2023-04-01', 'br-torriden',        'cat-suncare'),
  ('p041', '이즈앤트리 히알루로닉 애시드 워터리 선젤',        14900, '50ml', '2022-05-01', 'br-isntree',         'cat-suncare'),
  ('p042', '스킨1004 마다가스카르 센텔라 에어핏 선크림',      16500, '50ml', '2022-06-01', 'br-skin1004',        'cat-suncare'),
  ('p043', '닥터지 그린 마일드 업 선 플러스',                 19800, '50ml', '2021-07-01', 'br-dr-g',            'cat-suncare'),
  ('p044', '셀리맥스 더 리얼 노니 선크림',                    15000, '50ml', '2023-01-01', 'br-celimax',         'cat-suncare'),
  ('p045', '아비브 퀵 선스틱 프로텍션 바',                    18500, '22g',  '2023-05-01', 'br-abib',            'cat-suncare');

-- Skincare - Mask (5)
INSERT INTO products (id, name, price, size, launch_date, brand_id, category_id) VALUES
  ('p046', '메디힐 N.M.F 아쿠아링 앰플 마스크',              15000, '10매',  '2018-01-01', 'br-mediheal',  'cat-mask'),
  ('p047', '아비브 약산성 pH 시트 마스크',                    14800, '10매',  '2020-06-01', 'br-abib',      'cat-mask'),
  ('p048', '이니스프리 수퍼 화산송이 모공 마스크',            12000, '100ml', '2019-08-01', 'br-innisfree', 'cat-mask'),
  ('p049', '코스알엑스 아크네 패치',                          5500,  '24매',  '2019-01-01', 'br-cosrx',     'cat-mask'),
  ('p050', '라운드랩 독도 머드팩',                            13500, '100ml', '2021-03-01', 'br-roundlab',  'cat-mask');

-- Skincare - Cleanser (6)
INSERT INTO products (id, name, price, size, launch_date, brand_id, category_id) VALUES
  ('p051', '라운드랩 독도 클렌징 오일',                       15000, '200ml', '2021-01-01', 'br-roundlab',  'cat-cleanser'),
  ('p052', '코스알엑스 로우 pH 굿모닝 젤 클렌저',            9800,  '150ml', '2016-09-01', 'br-cosrx',     'cat-cleanser'),
  ('p053', '이니스프리 그린티 클렌징 폼',                     8000,  '150ml', '2018-03-01', 'br-innisfree', 'cat-cleanser'),
  ('p054', '아누아 어성초 클렌징 오일',                       17000, '200ml', '2022-09-01', 'br-anua',      'cat-cleanser'),
  ('p055', '토리든 밀크 타입 클렌징 로션',                    14800, '200ml', '2023-06-01', 'br-torriden',  'cat-cleanser'),
  ('p056', '넘버즈인 2번 클렌징 폼',                          12500, '120ml', '2022-10-01', 'br-numbuzin',  'cat-cleanser');

-- Makeup - Lip (9) + Eye mascara grouped here
INSERT INTO products (id, name, price, size, launch_date, brand_id, category_id) VALUES
  ('p057', '롬앤 쥬시 래스팅 틴트',          9900,  '5.5g', '2019-06-01', 'br-romand',   'cat-lip'),
  ('p058', '페리페라 잉크 더 벨벳',          9800,  '4g',   '2020-03-01', 'br-peripera',  'cat-lip'),
  ('p059', '클리오 멜팅 쉬어 립',            13000, '2.2g', '2023-03-01', 'br-clio',      'cat-lip'),
  ('p060', '어뮤즈 듀 틴트',                 13500, '4g',   '2021-09-01', 'br-amuse',     'cat-lip'),
  ('p061', '롬앤 글래스팅 워터 틴트',        9900,  '4g',   '2021-01-01', 'br-romand',    'cat-lip'),
  ('p062', '에뛰드 픽싱 틴트',               10800, '4g',   '2022-03-01', 'br-etude',     'cat-lip'),
  ('p063', '페리페라 잉크 무드 글로이 틴트', 10800, '4g',   '2023-01-01', 'br-peripera',  'cat-lip'),
  ('p064', '라네즈 립 글로이 밤',            18000, '10g',  '2023-06-01', 'br-laneige',   'cat-lip'),
  ('p065', '티르티르 마스크 핏 립 틴트',     13500, '4.5g', '2023-04-01', 'br-tirtir',    'cat-lip');

-- Makeup - Eye (6) — includes p066 mascara
INSERT INTO products (id, name, price, size, launch_date, brand_id, category_id) VALUES
  ('p066', '클리오 킬 래쉬 수퍼프루프 마스카라',  16000, '7g',   '2022-01-01', 'br-clio',     'cat-eye'),
  ('p075', '클리오 프로 아이 팔레트',              34000, '6g',   '2021-08-01', 'br-clio',     'cat-eye'),
  ('p076', '롬앤 베러 댄 아이즈',                  12000, '6.5g', '2020-09-01', 'br-romand',   'cat-eye'),
  ('p077', '페리페라 올 테이크 무드 팔레트',       18000, '8g',   '2023-02-01', 'br-peripera', 'cat-eye'),
  ('p078', '에뛰드 플레이 컬러 아이즈',            15000, '7.2g', '2020-06-01', 'br-etude',    'cat-eye'),
  ('p079', '어뮤즈 아이 비건 쉬어 팔레트',         24000, '9.8g', '2022-11-01', 'br-amuse',    'cat-eye');

-- Makeup - Foundation/Base (8)
INSERT INTO products (id, name, price, size, launch_date, brand_id, category_id) VALUES
  ('p067', '티르티르 마스크 핏 레드 쿠션',         26000, '18g',  '2022-08-01', 'br-tirtir',   'cat-foundation'),
  ('p068', '클리오 킬 커버 파운웨어 쿠션',         25000, '15g',  '2021-03-01', 'br-clio',     'cat-foundation'),
  ('p069', '라네즈 네오 쿠션 매트',                32000, '15g',  '2021-09-01', 'br-laneige',  'cat-foundation'),
  ('p070', '이니스프리 노세범 미네랄 파우더',      9000,  '5g',   '2017-06-01', 'br-innisfree','cat-foundation'),
  ('p071', '에뛰드 더블래스팅 세럼 파운데이션',    19800, '30ml', '2023-09-01', 'br-etude',    'cat-foundation'),
  ('p072', '페리페라 잉크 브이 쉐이딩',            11800, '9.5g', '2022-05-01', 'br-peripera', 'cat-foundation'),
  ('p073', '어뮤즈 스킨 세럼 파운데이션',          28000, '30ml', '2023-08-01', 'br-amuse',    'cat-foundation'),
  ('p074', '메디큐브 에어 쿠션',                   35000, '12g',  '2023-05-01', 'br-medicube', 'cat-foundation');

-- Haircare (9)
INSERT INTO products (id, name, price, size, launch_date, brand_id, category_id) VALUES
  ('p080', '미장센 퍼펙트 세럼 오리지날',        11800, '80ml',  '2015-01-01', 'br-mise-en-scene','cat-shampoo'),
  ('p081', '려 자양윤모 샴푸',                    12900, '400ml', '2018-06-01', 'br-ryo',          'cat-shampoo'),
  ('p082', '모레모 워터 트리트먼트 미라클 10',    14900, '200ml', '2020-01-01', 'br-moremo',       'cat-shampoo'),
  ('p083', '쿤달 허니 앤 마카다미아 샴푸',        12900, '500ml', '2019-03-01', 'br-kundal',       'cat-shampoo'),
  ('p084', '이니스프리 그린티 민트 프레시 샴푸',  11000, '300ml', '2020-05-01', 'br-innisfree',    'cat-shampoo'),
  ('p085', '미장센 스타일링 스프레이',            8900,  '200ml', '2019-01-01', 'br-mise-en-scene','cat-shampoo'),
  ('p086', '려 흑운 모근 영양 샴푸',              15900, '400ml', '2021-09-01', 'br-ryo',          'cat-shampoo'),
  ('p087', '모레모 헤어 에센스',                  16800, '120ml', '2021-04-01', 'br-moremo',       'cat-shampoo'),
  ('p088', '쿤달 프로틴 헤어 앰플',               14500, '150ml', '2022-02-01', 'br-kundal',       'cat-shampoo');

-- Bodycare (7)
INSERT INTO products (id, name, price, size, launch_date, brand_id, category_id) VALUES
  ('p089', '일리윤 세라마이드 아토 바디워시',        14500, '500ml', '2020-08-01', 'br-illiyoon',  'cat-bodywash'),
  ('p090', '쿤달 퓨어 바디워시',                     12500, '500ml', '2019-07-01', 'br-kundal',    'cat-bodywash'),
  ('p091', '일리윤 세라마이드 아토 바디로션',        16900, '350ml', '2020-08-01', 'br-illiyoon',  'cat-bodywash'),
  ('p092', '이니스프리 올리브 리얼 바디로션',        12000, '310ml', '2018-09-01', 'br-innisfree', 'cat-bodywash'),
  ('p093', '닥터지 인텐시브 바디 로션',              18500, '350ml', '2021-10-01', 'br-dr-g',      'cat-bodywash'),
  ('p094', '코스알엑스 AHA/BHA 비타민 바디 스프레이',14800, '150ml', '2022-03-01', 'br-cosrx',     'cat-bodywash'),
  ('p095', '라운드랩 독도 바디미스트',               13500, '200ml', '2022-11-01', 'br-roundlab',  'cat-bodywash');

-- Men's (5)
INSERT INTO products (id, name, price, size, launch_date, brand_id, category_id) VALUES
  ('p096', '다슈 데일리 스칼프 샴푸',            15900, '500ml', '2020-01-01', 'br-dashu',     'cat-mens'),
  ('p097', '다슈 포 맨 올인원 로션',             18900, '153ml', '2021-05-01', 'br-dashu',     'cat-mens'),
  ('p098', '다슈 울트라 홀딩 왁스',              12000, '100ml', '2019-09-01', 'br-dashu',     'cat-mens'),
  ('p099', '이니스프리 포레스트 포맨 올인원 에센스',22000,'100ml','2020-04-01','br-innisfree', 'cat-mens'),
  ('p100', '라운드랩 독도 맨즈 올인원 로션',     17500, '150ml', '2023-02-01', 'br-roundlab',  'cat-mens');

-- --- Stores (20) ---
INSERT INTO stores (id, name, address, store_type, open_date, region_id) VALUES
  ('st-myeongdong',     '올리브영 명동 타운',         '서울 중구 명동8나길 31',             'Town',    '2018-12-01', 'reg-seoul'),
  ('st-gangnam',        '올리브영 강남 타운',         '서울 강남구 강남대로 426',            'Town',    '2019-06-01', 'reg-seoul'),
  ('st-hongdae',        '올리브영 홍대 타운',         '서울 마포구 양화로 160',              'Town',    '2020-03-01', 'reg-seoul'),
  ('st-jamsil',         '올리브영 잠실 롯데월드몰',   '서울 송파구 올림픽로 300',            'Regular', '2017-05-01', 'reg-seoul'),
  ('st-sinchon',        '올리브영 신촌점',            '서울 서대문구 신촌로 83',             'Regular', '2016-09-01', 'reg-seoul'),
  ('st-itaewon',        '올리브영 이태원점',          '서울 용산구 이태원로 177',            'Regular', '2019-01-01', 'reg-seoul'),
  ('st-yeouido',        '올리브영 여의도 IFC점',      '서울 영등포구 국제금융로 10',         'Regular', '2018-04-01', 'reg-seoul'),
  ('st-coex',           '올리브영 삼성 코엑스점',     '서울 강남구 영동대로 513',            'Regular', '2017-11-01', 'reg-seoul'),
  ('st-dongdaemun',     '올리브영 동대문 N점',        '서울 중구 장충단로 253',              'N',       '2023-03-01', 'reg-seoul'),
  ('st-suwon',          '올리브영 수원역점',          '경기 수원시 팔달구 덕영대로 923',     'Regular', '2018-02-01', 'reg-gyeonggi'),
  ('st-bundang',        '올리브영 분당 서현점',       '경기 성남시 분당구 서현로 170',       'Regular', '2017-08-01', 'reg-gyeonggi'),
  ('st-ilsan',          '올리브영 일산 라페스타점',   '경기 고양시 일산서구 중앙로 1305',    'Regular', '2018-06-01', 'reg-gyeonggi'),
  ('st-hanam',          '올리브영 하남 스타필드',     '경기 하남시 미사대로 750',            'N',       '2022-01-01', 'reg-gyeonggi'),
  ('st-incheon',        '올리브영 인천 부평점',       '인천 부평구 부평대로 35',             'Regular', '2017-03-01', 'reg-incheon'),
  ('st-busan-seomyeon', '올리브영 서면 타운',         '부산 부산진구 서면로 68번길 33',      'Town',    '2019-09-01', 'reg-busan'),
  ('st-busan-nampo',    '올리브영 남포점',            '부산 중구 광복로 62',                 'Regular', '2018-01-01', 'reg-busan'),
  ('st-busan-haeundae', '올리브영 해운대점',          '부산 해운대구 해운대로 788',          'Regular', '2019-04-01', 'reg-busan'),
  ('st-daegu',          '올리브영 대구 동성로점',     '대구 중구 동성로2가 149',             'Regular', '2017-06-01', 'reg-daegu'),
  ('st-daejeon',        '올리브영 대전 둔산점',       '대전 서구 대덕대로 211',              'Regular', '2018-08-01', 'reg-daejeon'),
  ('st-gwangju',        '올리브영 광주 충장로점',     '광주 동구 충장로 54',                 'Regular', '2019-02-01', 'reg-gwangju');

-- --- Customers (50) ---
-- Insert customers without referred_by first, then UPDATE for referral chains
INSERT INTO customers (id, name, age, gender, membership_tier, join_date, region_id) VALUES
  ('cu-001', '김지현', 24, 'F', 'Gold',  '2022-03-15', 'reg-seoul'),
  ('cu-002', '이수연', 28, 'F', 'Pink',  '2021-06-10', 'reg-seoul'),
  ('cu-003', '박은지', 31, 'F', 'Gold',  '2020-11-22', 'reg-seoul'),
  ('cu-004', '정민아', 22, 'F', 'Green', '2023-01-08', 'reg-gyeonggi'),
  ('cu-005', '최하늘', 26, 'F', 'Gold',  '2021-09-05', 'reg-seoul'),
  ('cu-006', '강예림', 35, 'F', 'Pink',  '2019-04-18', 'reg-seoul'),
  ('cu-007', '조유진', 29, 'F', 'Gold',  '2020-07-30', 'reg-busan'),
  ('cu-008', '윤서현', 20, 'F', 'Green', '2023-05-12', 'reg-seoul'),
  ('cu-009', '한나영', 33, 'F', 'Pink',  '2019-12-01', 'reg-gyeonggi'),
  ('cu-010', '오지은', 27, 'F', 'Gold',  '2021-02-14', 'reg-seoul'),
  ('cu-011', '김태현', 25, 'M', 'Green', '2022-08-20', 'reg-seoul'),
  ('cu-012', '이준서', 30, 'M', 'Gold',  '2021-01-11', 'reg-gyeonggi'),
  ('cu-013', '박서준', 34, 'M', 'Green', '2022-04-03', 'reg-busan'),
  ('cu-014', '정우진', 23, 'M', 'Green', '2023-02-28', 'reg-seoul'),
  ('cu-015', '송민지', 26, 'F', 'Gold',  '2021-05-16', 'reg-seoul'),
  ('cu-016', '임채원', 21, 'F', 'Green', '2023-07-09', 'reg-daegu'),
  ('cu-017', '장수아', 38, 'F', 'Pink',  '2018-11-25', 'reg-seoul'),
  ('cu-018', '백지영', 29, 'F', 'Gold',  '2020-09-14', 'reg-gyeonggi'),
  ('cu-019', '고은서', 24, 'F', 'Green', '2022-12-01', 'reg-seoul'),
  ('cu-020', '유하린', 32, 'F', 'Pink',  '2019-08-07', 'reg-busan'),
  ('cu-021', '신예은', 27, 'F', 'Gold',  '2021-03-22', 'reg-seoul'),
  ('cu-022', '권지수', 25, 'F', 'Green', '2022-06-15', 'reg-incheon'),
  ('cu-023', '문소희', 30, 'F', 'Gold',  '2020-04-10', 'reg-seoul'),
  ('cu-024', '황미래', 36, 'F', 'Pink',  '2019-01-20', 'reg-gyeonggi'),
  ('cu-025', '남도윤', 28, 'M', 'Gold',  '2021-07-04', 'reg-daejeon'),
  ('cu-026', '안서윤', 23, 'F', 'Green', '2023-03-18', 'reg-seoul'),
  ('cu-027', '전가영', 31, 'F', 'Gold',  '2020-10-29', 'reg-gwangju'),
  ('cu-028', '양지호', 26, 'M', 'Green', '2022-09-01', 'reg-seoul'),
  ('cu-029', '김다연', 22, 'F', 'Green', '2023-04-25', 'reg-gyeonggi'),
  ('cu-030', '이채린', 34, 'F', 'Pink',  '2019-06-13', 'reg-seoul'),
  ('cu-031', '박시우', 27, 'M', 'Green', '2022-01-07', 'reg-busan'),
  ('cu-032', '정유나', 25, 'F', 'Gold',  '2021-11-19', 'reg-seoul'),
  ('cu-033', '홍서진', 29, 'F', 'Gold',  '2020-08-03', 'reg-gyeonggi'),
  ('cu-034', '노현우', 32, 'M', 'Gold',  '2021-04-27', 'reg-seoul'),
  ('cu-035', '추민서', 21, 'F', 'Green', '2023-06-30', 'reg-daegu'),
  ('cu-036', '배소율', 28, 'F', 'Gold',  '2021-08-12', 'reg-seoul'),
  ('cu-037', '성재민', 24, 'M', 'Green', '2022-11-05', 'reg-incheon'),
  ('cu-038', '류지안', 33, 'F', 'Pink',  '2019-10-16', 'reg-gyeonggi'),
  ('cu-039', '심하윤', 26, 'F', 'Gold',  '2021-12-24', 'reg-seoul'),
  ('cu-040', '하은비', 30, 'F', 'Gold',  '2020-05-08', 'reg-busan'),
  ('cu-041', '구본선', 37, 'M', 'Gold',  '2020-02-14', 'reg-seoul'),
  ('cu-042', '서다영', 23, 'F', 'Green', '2023-01-31', 'reg-gwangju'),
  ('cu-043', '차은우', 29, 'M', 'Green', '2022-07-22', 'reg-daejeon'),
  ('cu-044', '봉수진', 25, 'F', 'Gold',  '2021-10-09', 'reg-seoul'),
  ('cu-045', '도경수', 31, 'M', 'Green', '2022-05-17', 'reg-gyeonggi'),
  ('cu-046', '탁지원', 27, 'F', 'Gold',  '2021-06-28', 'reg-seoul'),
  ('cu-047', '방소연', 20, 'F', 'Green', '2023-08-14', 'reg-seoul'),
  ('cu-048', '표현정', 35, 'F', 'Pink',  '2019-03-22', 'reg-gyeonggi'),
  ('cu-049', '엄지혁', 28, 'M', 'Green', '2022-10-11', 'reg-busan'),
  ('cu-050', '피수빈', 24, 'F', 'Green', '2023-02-06', 'reg-daegu');

-- --- Referral Network (REFERRED edges → referred_by column) ---
-- Chain 1: cu-001 → cu-004, cu-008, cu-016; cu-004 → cu-029, cu-035; cu-008 → cu-047
UPDATE customers SET referred_by = 'cu-001' WHERE id IN ('cu-004', 'cu-008', 'cu-016');
UPDATE customers SET referred_by = 'cu-004' WHERE id IN ('cu-029', 'cu-035');
UPDATE customers SET referred_by = 'cu-008' WHERE id = 'cu-047';

-- Chain 2: cu-006 → cu-010, cu-015, cu-021; cu-010 → cu-019, cu-026; cu-015 → cu-032, cu-039; cu-019 → cu-042
UPDATE customers SET referred_by = 'cu-006' WHERE id IN ('cu-010', 'cu-015', 'cu-021');
UPDATE customers SET referred_by = 'cu-010' WHERE id IN ('cu-019', 'cu-026');
UPDATE customers SET referred_by = 'cu-015' WHERE id IN ('cu-032', 'cu-039');
UPDATE customers SET referred_by = 'cu-019' WHERE id = 'cu-042';

-- Chain 3: cu-017 → cu-024, cu-030, cu-038; cu-024 → cu-033, cu-044; cu-030 → cu-036, cu-046
UPDATE customers SET referred_by = 'cu-017' WHERE id IN ('cu-024', 'cu-030', 'cu-038');
UPDATE customers SET referred_by = 'cu-024' WHERE id IN ('cu-033', 'cu-044');
UPDATE customers SET referred_by = 'cu-030' WHERE id IN ('cu-036', 'cu-046');

-- Chain 4: cu-020 → cu-007, cu-013, cu-031, cu-040, cu-049; cu-007 → cu-022, cu-037; cu-013 → cu-028
UPDATE customers SET referred_by = 'cu-020' WHERE id IN ('cu-007', 'cu-013', 'cu-031', 'cu-040', 'cu-049');
UPDATE customers SET referred_by = 'cu-007' WHERE id IN ('cu-022', 'cu-037');
UPDATE customers SET referred_by = 'cu-013' WHERE id = 'cu-028';

-- --- Ingredient TREATS Skin Concern ---
INSERT INTO ingredient_treats (ingredient_id, skin_concern_id, efficacy_level) VALUES
  -- Retinol
  ('ig-retinol', 'sc-aging',       'high'),
  ('ig-retinol', 'sc-brightening', 'medium'),
  ('ig-retinol', 'sc-acne',        'medium'),
  ('ig-retinol', 'sc-elasticity',  'high'),
  -- Niacinamide
  ('ig-niacinamide', 'sc-brightening',  'high'),
  ('ig-niacinamide', 'sc-pores',        'medium'),
  ('ig-niacinamide', 'sc-pigmentation', 'high'),
  -- Vitamin C
  ('ig-vitc', 'sc-brightening',  'high'),
  ('ig-vitc', 'sc-pigmentation', 'high'),
  ('ig-vitc', 'sc-aging',        'medium'),
  -- Vitamin E
  ('ig-vite', 'sc-aging', 'medium'),
  -- Adenosine
  ('ig-adenosine', 'sc-aging',      'high'),
  ('ig-adenosine', 'sc-elasticity', 'high'),
  -- Glutathione
  ('ig-glutathione', 'sc-brightening',  'high'),
  ('ig-glutathione', 'sc-pigmentation', 'medium'),
  -- Hyaluronic Acid
  ('ig-ha', 'sc-dryness', 'high'),
  -- Ceramide
  ('ig-ceramide', 'sc-dryness',     'high'),
  ('ig-ceramide', 'sc-sensitivity', 'high'),
  -- Panthenol
  ('ig-panthenol', 'sc-sensitivity', 'high'),
  ('ig-panthenol', 'sc-dryness',     'medium'),
  -- Collagen
  ('ig-collagen', 'sc-elasticity', 'high'),
  ('ig-collagen', 'sc-aging',      'medium'),
  -- Snail Mucin
  ('ig-snail', 'sc-dryness',     'high'),
  ('ig-snail', 'sc-aging',       'medium'),
  ('ig-snail', 'sc-sensitivity', 'medium'),
  -- AHA
  ('ig-aha', 'sc-pores',        'high'),
  ('ig-aha', 'sc-pigmentation', 'medium'),
  -- BHA
  ('ig-bha', 'sc-acne',  'high'),
  ('ig-bha', 'sc-pores', 'high'),
  -- Centella
  ('ig-centella', 'sc-sensitivity', 'high'),
  ('ig-centella', 'sc-acne',        'medium'),
  -- Green Tea
  ('ig-greentea', 'sc-aging', 'medium'),
  -- Houttuynia
  ('ig-houttuynia', 'sc-acne',        'high'),
  ('ig-houttuynia', 'sc-sensitivity', 'medium'),
  -- Rice
  ('ig-rice', 'sc-brightening', 'medium'),
  -- Aloe
  ('ig-aloe', 'sc-sensitivity', 'medium'),
  ('ig-aloe', 'sc-dryness',     'medium'),
  -- Galactomyces
  ('ig-galactomyces', 'sc-brightening', 'medium'),
  ('ig-galactomyces', 'sc-pores',       'medium');

-- --- Ingredient AGGRAVATES Skin Concern ---
INSERT INTO ingredient_aggravates (ingredient_id, skin_concern_id, severity) VALUES
  ('ig-retinol', 'sc-sensitivity', 'high'),
  ('ig-retinol', 'sc-dryness',     'medium'),
  ('ig-aha',     'sc-sensitivity', 'high'),
  ('ig-aha',     'sc-dryness',     'medium'),
  ('ig-bha',     'sc-sensitivity', 'medium'),
  ('ig-bha',     'sc-dryness',     'low'),
  ('ig-vitc',    'sc-sensitivity', 'medium');

-- --- Ingredient Synergies ---
INSERT INTO ingredient_synergies (ingredient_a_id, ingredient_b_id, boost_pct, mechanism) VALUES
  ('ig-vitc',        'ig-vite',      400, '비타민C+E 병용 시 자외선 방어력 4배 증폭 (Duke 연구)'),
  ('ig-niacinamide', 'ig-ha',         50, '수분 공급 + 피부 장벽 강화 동시 효과'),
  ('ig-centella',    'ig-panthenol',  80, '진정 + 재생 시너지, 손상 피부 회복 가속'),
  ('ig-ceramide',    'ig-ha',         60, '장벽 복구(세라마이드) + 수분 유지(히알루론산) 상호 보완'),
  ('ig-retinol',     'ig-adenosine',  70, '세포 턴오버(레티놀) + 콜라겐 합성(아데노신) 이중 항노화'),
  ('ig-niacinamide', 'ig-retinol',    30, '나이아신아마이드가 레티놀의 자극을 완화하면서 효과 유지'),
  ('ig-vitc',        'ig-centella',   40, '미백(비타민C) + 진정(센텔라)으로 톤업 시 자극 최소화'),
  ('ig-snail',       'ig-ha',         50, '뮤신 보습막 + 히알루론산 수분 흡착의 이중 보습');

-- --- Ingredient Conflicts ---
INSERT INTO ingredient_conflicts (ingredient_a_id, ingredient_b_id, risk_level, reason) VALUES
  ('ig-retinol', 'ig-aha',  'high',   '레티놀과 AHA 동시 사용 시 과도한 각질 제거로 피부 장벽 손상 위험'),
  ('ig-retinol', 'ig-bha',  'high',   '레티놀과 BHA 동시 사용 시 과도한 자극, 특히 민감성 피부에 위험'),
  ('ig-aha',     'ig-vitc', 'medium', '둘 다 낮은 pH 필요, 동시 사용 시 자극 증가. 시간차 사용 권장 (아침/저녁 분리)'),
  ('ig-retinol', 'ig-vitc', 'medium', 'pH 환경 차이로 효능 저하 가능. 아침(비타민C)/저녁(레티놀) 분리 사용 권장'),
  ('ig-aha',     'ig-bha',  'medium', '이중 산성 각질제거제 동시 사용 시 과도한 자극. 번갈아 사용 권장');

-- --- Ingredient Regulations ---
INSERT INTO ingredient_regulations (ingredient_id, regulation_id, max_concentration_pct) VALUES
  ('ig-retinol',   'reg-eu-retinol',   0.3),
  ('ig-retinol',   'reg-kr-retinol',   0.5),
  ('ig-aha',       'reg-eu-aha',       10.0),
  ('ig-aha',       'reg-kr-aha',       10.0),
  ('ig-zincoxide', 'reg-eu-zincoxide', 25.0),
  ('ig-tinosorb',  'reg-fda-sunscreen',10.0),
  ('ig-zincoxide', 'reg-fda-sunscreen',25.0),
  ('ig-bha',       'reg-kr-aha',       2.0);

-- --- Product Ingredients ---
INSERT INTO product_ingredients (product_id, ingredient_id, concentration_pct, is_key_ingredient) VALUES
  -- Toners
  ('p001', 'ig-deepsea',    NULL, TRUE),
  ('p001', 'ig-ha',         NULL, FALSE),
  ('p001', 'ig-panthenol',  NULL, FALSE),
  ('p002', 'ig-houttuynia', 77.0, TRUE),
  ('p002', 'ig-ha',         NULL, FALSE),
  ('p002', 'ig-panthenol',  NULL, FALSE),
  ('p003', 'ig-ha',         NULL, TRUE),
  ('p003', 'ig-panthenol',  NULL, FALSE),
  ('p003', 'ig-aloe',       NULL, FALSE),
  ('p004', 'ig-aha',        NULL, TRUE),
  ('p004', 'ig-bha',        NULL, TRUE),
  ('p004', 'ig-aloe',       NULL, TRUE),
  ('p005', 'ig-ha',         NULL, TRUE),
  ('p005', 'ig-panthenol',  NULL, FALSE),
  ('p005', 'ig-centella',   NULL, FALSE),
  ('p006', 'ig-ha',         NULL, TRUE),
  ('p006', 'ig-niacinamide',NULL, TRUE),
  ('p006', 'ig-panthenol',  NULL, TRUE),
  ('p007', 'ig-deepsea',    NULL, FALSE),
  ('p007', 'ig-centella',   NULL, TRUE),
  ('p007', 'ig-panthenol',  NULL, FALSE),
  ('p008', 'ig-houttuynia', NULL, TRUE),
  ('p008', 'ig-ha',         NULL, FALSE),
  ('p008', 'ig-centella',   NULL, FALSE),
  ('p009', 'ig-ha',         NULL, TRUE),
  ('p009', 'ig-niacinamide',NULL, TRUE),
  ('p010', 'ig-greentea',   NULL, TRUE),
  ('p010', 'ig-ha',         NULL, FALSE),
  ('p010', 'ig-niacinamide',NULL, FALSE),
  ('p011', 'ig-bha',        NULL, TRUE),
  ('p011', 'ig-aloe',       NULL, TRUE),
  ('p011', 'ig-ha',         NULL, TRUE),
  ('p012', 'ig-noni',       NULL, TRUE),
  ('p012', 'ig-ha',         NULL, FALSE),
  ('p012', 'ig-niacinamide',NULL, FALSE),
  -- Serums
  ('p013', 'ig-snail',      96.0, TRUE),
  ('p013', 'ig-ha',         NULL, FALSE),
  ('p013', 'ig-aloe',       NULL, FALSE),
  ('p014', 'ig-ha',         NULL, TRUE),
  ('p014', 'ig-panthenol',  NULL, FALSE),
  ('p014', 'ig-ceramide',   NULL, FALSE),
  ('p015', 'ig-glutathione',NULL, TRUE),
  ('p015', 'ig-vitc',       NULL, TRUE),
  ('p015', 'ig-niacinamide',NULL, TRUE),
  ('p016', 'ig-rice',       NULL, TRUE),
  ('p016', 'ig-niacinamide',NULL, FALSE),
  ('p016', 'ig-ha',         NULL, FALSE),
  ('p017', 'ig-houttuynia', 77.0, TRUE),
  ('p017', 'ig-panthenol',  NULL, FALSE),
  ('p017', 'ig-centella',   NULL, FALSE),
  ('p018', 'ig-vitc',       NULL, TRUE),
  ('p018', 'ig-vite',       NULL, FALSE),
  ('p018', 'ig-centella',   NULL, FALSE),
  ('p019', 'ig-centella',   NULL, TRUE),
  ('p019', 'ig-ha',         NULL, FALSE),
  ('p019', 'ig-panthenol',  NULL, FALSE),
  ('p020', 'ig-galactomyces',NULL, TRUE),
  ('p020', 'ig-niacinamide',NULL, FALSE),
  ('p020', 'ig-ha',         NULL, FALSE),
  ('p021', 'ig-collagen',   NULL, TRUE),
  ('p021', 'ig-adenosine',  NULL, FALSE),
  ('p021', 'ig-ha',         NULL, FALSE),
  ('p022', 'ig-birch',      NULL, TRUE),
  ('p022', 'ig-ha',         NULL, FALSE),
  ('p022', 'ig-panthenol',  NULL, FALSE),
  ('p023', 'ig-vitc',       23.0, TRUE),
  ('p023', 'ig-vite',       NULL, FALSE),
  ('p023', 'ig-ha',         NULL, FALSE),
  ('p024', 'ig-centella',   NULL, TRUE),
  ('p024', 'ig-panthenol',  NULL, FALSE),
  ('p024', 'ig-ceramide',   NULL, FALSE),
  ('p025', 'ig-yuzu',       NULL, TRUE),
  ('p025', 'ig-niacinamide',NULL, TRUE),
  ('p025', 'ig-vitc',       NULL, TRUE),
  ('p026', 'ig-retinol',    0.1,  TRUE),
  ('p026', 'ig-centella',   NULL, FALSE),
  ('p026', 'ig-panthenol',  NULL, FALSE),
  ('p027', 'ig-ha',         NULL, TRUE),
  ('p027', 'ig-vitc',       NULL, FALSE),
  ('p027', 'ig-ceramide',   NULL, FALSE),
  -- Creams
  ('p028', 'ig-deepsea',    NULL, TRUE),
  ('p028', 'ig-ceramide',   NULL, FALSE),
  ('p028', 'ig-panthenol',  NULL, FALSE),
  ('p029', 'ig-snail',      92.0, TRUE),
  ('p029', 'ig-adenosine',  NULL, FALSE),
  ('p029', 'ig-ha',         NULL, FALSE),
  ('p030', 'ig-ceramide',   NULL, TRUE),
  ('p030', 'ig-panthenol',  NULL, FALSE),
  ('p030', 'ig-ha',         NULL, FALSE),
  ('p031', 'ig-ha',         NULL, TRUE),
  ('p031', 'ig-ceramide',   NULL, FALSE),
  ('p031', 'ig-panthenol',  NULL, FALSE),
  ('p032', 'ig-aloe',       NULL, TRUE),
  ('p032', 'ig-ha',         NULL, FALSE),
  ('p032', 'ig-panthenol',  NULL, FALSE),
  ('p033', 'ig-rice',       NULL, TRUE),
  ('p033', 'ig-adenosine',  NULL, FALSE),
  ('p033', 'ig-niacinamide',NULL, FALSE),
  ('p034', 'ig-adenosine',  NULL, TRUE),
  ('p034', 'ig-retinol',    NULL, FALSE),
  ('p034', 'ig-niacinamide',NULL, FALSE),
  ('p035', 'ig-greentea',   NULL, TRUE),
  ('p035', 'ig-ha',         NULL, FALSE),
  ('p035', 'ig-ceramide',   NULL, FALSE),
  ('p036', 'ig-collagen',   NULL, TRUE),
  ('p036', 'ig-niacinamide',NULL, FALSE),
  ('p036', 'ig-adenosine',  NULL, FALSE),
  ('p037', 'ig-centella',   NULL, TRUE),
  ('p037', 'ig-panthenol',  NULL, FALSE),
  ('p037', 'ig-ceramide',   NULL, FALSE),
  -- Suncare
  ('p038', 'ig-rice',       NULL, TRUE),
  ('p038', 'ig-zincoxide',  NULL, TRUE),
  ('p038', 'ig-niacinamide',NULL, TRUE),
  ('p039', 'ig-birch',      NULL, TRUE),
  ('p039', 'ig-tinosorb',   NULL, TRUE),
  ('p039', 'ig-ha',         NULL, TRUE),
  ('p040', 'ig-ha',         NULL, TRUE),
  ('p040', 'ig-tinosorb',   NULL, TRUE),
  ('p040', 'ig-centella',   NULL, TRUE),
  ('p041', 'ig-ha',         NULL, TRUE),
  ('p041', 'ig-tinosorb',   NULL, FALSE),
  ('p041', 'ig-centella',   NULL, FALSE),
  ('p042', 'ig-centella',   NULL, TRUE),
  ('p042', 'ig-zincoxide',  NULL, TRUE),
  ('p042', 'ig-panthenol',  NULL, TRUE),
  ('p043', 'ig-centella',   NULL, TRUE),
  ('p043', 'ig-zincoxide',  NULL, TRUE),
  ('p043', 'ig-aloe',       NULL, TRUE),
  ('p044', 'ig-noni',       NULL, TRUE),
  ('p044', 'ig-tinosorb',   NULL, FALSE),
  ('p044', 'ig-ha',         NULL, FALSE),
  ('p045', 'ig-centella',   NULL, TRUE),
  ('p045', 'ig-zincoxide',  NULL, TRUE),
  ('p045', 'ig-vite',       NULL, TRUE),
  -- Masks
  ('p046', 'ig-ha',         NULL, TRUE),
  ('p046', 'ig-ceramide',   NULL, FALSE),
  ('p046', 'ig-panthenol',  NULL, FALSE),
  ('p047', 'ig-centella',   NULL, TRUE),
  ('p047', 'ig-panthenol',  NULL, FALSE),
  ('p047', 'ig-ha',         NULL, FALSE),
  ('p049', 'ig-bha',        NULL, TRUE),
  ('p049', 'ig-centella',   NULL, TRUE),
  ('p050', 'ig-deepsea',    NULL, TRUE),
  ('p050', 'ig-aha',        NULL, FALSE),
  ('p050', 'ig-ha',         NULL, FALSE),
  -- Cleansers
  ('p051', 'ig-deepsea',    NULL, TRUE),
  ('p051', 'ig-vite',       NULL, FALSE),
  ('p052', 'ig-bha',        NULL, TRUE),
  ('p052', 'ig-greentea',   NULL, TRUE),
  ('p052', 'ig-centella',   NULL, TRUE),
  ('p054', 'ig-houttuynia', NULL, TRUE),
  ('p054', 'ig-vite',       NULL, FALSE),
  -- Body
  ('p089', 'ig-ceramide',   NULL, TRUE),
  ('p089', 'ig-panthenol',  NULL, FALSE),
  ('p091', 'ig-ceramide',   NULL, TRUE),
  ('p091', 'ig-panthenol',  NULL, FALSE),
  ('p091', 'ig-ha',         NULL, FALSE),
  ('p094', 'ig-aha',        NULL, TRUE),
  ('p094', 'ig-bha',        NULL, TRUE),
  ('p094', 'ig-aloe',       NULL, TRUE);

-- --- Brand Stores (SUPPLIES_TO) ---
INSERT INTO brand_stores (brand_id, store_id) VALUES
  -- 라운드랩
  ('br-roundlab', 'st-myeongdong'), ('br-roundlab', 'st-gangnam'), ('br-roundlab', 'st-hongdae'),
  ('br-roundlab', 'st-jamsil'), ('br-roundlab', 'st-suwon'), ('br-roundlab', 'st-busan-seomyeon'),
  ('br-roundlab', 'st-daegu'), ('br-roundlab', 'st-hanam'),
  -- 코스알엑스
  ('br-cosrx', 'st-myeongdong'), ('br-cosrx', 'st-gangnam'), ('br-cosrx', 'st-hongdae'),
  ('br-cosrx', 'st-sinchon'), ('br-cosrx', 'st-bundang'), ('br-cosrx', 'st-busan-nampo'),
  ('br-cosrx', 'st-daejeon'), ('br-cosrx', 'st-gwangju'),
  -- 이니스프리 → all stores
  ('br-innisfree', 'st-myeongdong'), ('br-innisfree', 'st-gangnam'), ('br-innisfree', 'st-hongdae'),
  ('br-innisfree', 'st-jamsil'), ('br-innisfree', 'st-sinchon'), ('br-innisfree', 'st-itaewon'),
  ('br-innisfree', 'st-yeouido'), ('br-innisfree', 'st-coex'), ('br-innisfree', 'st-suwon'),
  ('br-innisfree', 'st-bundang'), ('br-innisfree', 'st-ilsan'), ('br-innisfree', 'st-hanam'),
  ('br-innisfree', 'st-incheon'), ('br-innisfree', 'st-busan-seomyeon'), ('br-innisfree', 'st-busan-nampo'),
  ('br-innisfree', 'st-busan-haeundae'), ('br-innisfree', 'st-daegu'), ('br-innisfree', 'st-daejeon'),
  ('br-innisfree', 'st-gwangju'), ('br-innisfree', 'st-dongdaemun'),
  -- 롬앤
  ('br-romand', 'st-myeongdong'), ('br-romand', 'st-gangnam'), ('br-romand', 'st-hongdae'),
  ('br-romand', 'st-jamsil'), ('br-romand', 'st-coex'), ('br-romand', 'st-busan-seomyeon'),
  ('br-romand', 'st-hanam'), ('br-romand', 'st-dongdaemun'),
  -- 라네즈 → all stores
  ('br-laneige', 'st-myeongdong'), ('br-laneige', 'st-gangnam'), ('br-laneige', 'st-hongdae'),
  ('br-laneige', 'st-jamsil'), ('br-laneige', 'st-sinchon'), ('br-laneige', 'st-itaewon'),
  ('br-laneige', 'st-yeouido'), ('br-laneige', 'st-coex'), ('br-laneige', 'st-suwon'),
  ('br-laneige', 'st-bundang'), ('br-laneige', 'st-ilsan'), ('br-laneige', 'st-hanam'),
  ('br-laneige', 'st-incheon'), ('br-laneige', 'st-busan-seomyeon'), ('br-laneige', 'st-busan-nampo'),
  ('br-laneige', 'st-busan-haeundae'), ('br-laneige', 'st-daegu'), ('br-laneige', 'st-daejeon'),
  ('br-laneige', 'st-gwangju'), ('br-laneige', 'st-dongdaemun'),
  -- 토리든
  ('br-torriden', 'st-myeongdong'), ('br-torriden', 'st-gangnam'), ('br-torriden', 'st-hongdae'),
  ('br-torriden', 'st-suwon'), ('br-torriden', 'st-ilsan'), ('br-torriden', 'st-busan-haeundae'),
  ('br-torriden', 'st-dongdaemun');

-- --- Promotion Products (APPLIES_TO) ---
INSERT INTO promotion_products (promotion_id, product_id) VALUES
  -- pm-001: 봄맞이 스킨케어 세일
  ('pm-001', 'p001'), ('pm-001', 'p002'), ('pm-001', 'p005'),
  ('pm-001', 'p013'), ('pm-001', 'p014'), ('pm-001', 'p028'),
  ('pm-001', 'p029'), ('pm-001', 'p030'),
  -- pm-002: 여름 선케어 특가
  ('pm-002', 'p038'), ('pm-002', 'p039'), ('pm-002', 'p040'),
  ('pm-002', 'p041'), ('pm-002', 'p042'), ('pm-002', 'p043'),
  ('pm-002', 'p044'), ('pm-002', 'p045'),
  -- pm-003: 올영세일
  ('pm-003', 'p057'), ('pm-003', 'p058'), ('pm-003', 'p060'),
  ('pm-003', 'p067'), ('pm-003', 'p068'), ('pm-003', 'p075'),
  ('pm-003', 'p080'), ('pm-003', 'p089'),
  -- pm-004: 블랙프라이데이
  ('pm-004', 'p034'), ('pm-004', 'p027'), ('pm-004', 'p069'),
  ('pm-004', 'p074'), ('pm-004', 'p026'), ('pm-004', 'p021'),
  -- pm-005: 신상 런칭
  ('pm-005', 'p040'), ('pm-005', 'p055'), ('pm-005', 'p065'),
  ('pm-005', 'p073'), ('pm-005', 'p074');

-- --- Transactions (200) ---
INSERT INTO transactions (id, total_amount, payment_method, purchased_at, customer_id, store_id) VALUES
  ('tx-1001', 16300, 'card', '2025-02-02 11:01:00', 'cu-002', 'st-myeongdong'),
  ('tx-1002', 17600, 'kakao_pay', '2025-03-03 12:02:00', 'cu-003', 'st-myeongdong'),
  ('tx-1003', 18900, 'naver_pay', '2025-03-04 13:03:00', 'cu-004', 'st-myeongdong'),
  ('tx-1004', 20200, 'cash', '2025-04-05 14:04:00', 'cu-005', 'st-myeongdong'),
  ('tx-1005', 21500, 'card', '2025-04-06 15:05:00', 'cu-006', 'st-myeongdong'),
  ('tx-1006', 22800, 'card', '2025-05-07 16:06:00', 'cu-007', 'st-myeongdong'),
  ('tx-1007', 24100, 'kakao_pay', '2025-06-08 17:07:00', 'cu-008', 'st-myeongdong'),
  ('tx-1008', 25400, 'naver_pay', '2025-07-09 18:08:00', 'cu-009', 'st-myeongdong'),
  ('tx-1009', 26700, 'cash', '2025-08-10 19:09:00', 'cu-010', 'st-myeongdong'),
  ('tx-1010', 28000, 'card', '2025-09-11 20:10:00', 'cu-011', 'st-myeongdong'),
  ('tx-1011', 29300, 'card', '2025-10-12 21:11:00', 'cu-012', 'st-myeongdong'),
  ('tx-1012', 30600, 'kakao_pay', '2025-02-13 10:12:00', 'cu-013', 'st-myeongdong'),
  ('tx-1013', 31900, 'naver_pay', '2025-02-14 11:13:00', 'cu-014', 'st-myeongdong'),
  ('tx-1014', 33200, 'cash', '2025-03-15 12:14:00', 'cu-015', 'st-myeongdong'),
  ('tx-1015', 34500, 'card', '2025-03-16 13:15:00', 'cu-016', 'st-myeongdong'),
  ('tx-1016', 35800, 'card', '2025-04-17 14:16:00', 'cu-017', 'st-myeongdong'),
  ('tx-1017', 37100, 'kakao_pay', '2025-04-18 15:17:00', 'cu-018', 'st-myeongdong'),
  ('tx-1018', 38400, 'naver_pay', '2025-05-19 16:18:00', 'cu-019', 'st-myeongdong'),
  ('tx-1019', 39700, 'cash', '2025-06-20 17:19:00', 'cu-020', 'st-myeongdong'),
  ('tx-1020', 41000, 'card', '2025-07-21 18:20:00', 'cu-021', 'st-myeongdong'),
  ('tx-1021', 42300, 'card', '2025-08-22 19:21:00', 'cu-022', 'st-myeongdong'),
  ('tx-1022', 43600, 'kakao_pay', '2025-09-23 20:22:00', 'cu-023', 'st-myeongdong'),
  ('tx-1023', 44900, 'naver_pay', '2025-10-24 21:23:00', 'cu-024', 'st-myeongdong'),
  ('tx-1024', 46200, 'cash', '2025-02-25 10:24:00', 'cu-025', 'st-myeongdong'),
  ('tx-1025', 47500, 'card', '2025-02-26 11:25:00', 'cu-026', 'st-myeongdong'),
  ('tx-1026', 48800, 'card', '2025-03-27 12:26:00', 'cu-027', 'st-myeongdong'),
  ('tx-1027', 50100, 'kakao_pay', '2025-03-28 13:27:00', 'cu-028', 'st-myeongdong'),
  ('tx-1028', 51400, 'naver_pay', '2025-04-01 14:28:00', 'cu-029', 'st-myeongdong'),
  ('tx-1029', 52700, 'cash', '2025-04-02 15:29:00', 'cu-030', 'st-myeongdong'),
  ('tx-1030', 54000, 'card', '2025-05-03 16:30:00', 'cu-031', 'st-myeongdong'),
  ('tx-1031', 55300, 'card', '2025-06-04 17:31:00', 'cu-032', 'st-myeongdong'),
  ('tx-1032', 56600, 'kakao_pay', '2025-07-05 18:32:00', 'cu-033', 'st-myeongdong'),
  ('tx-1033', 57900, 'naver_pay', '2025-08-06 19:33:00', 'cu-034', 'st-myeongdong'),
  ('tx-1034', 59200, 'cash', '2025-09-07 20:34:00', 'cu-035', 'st-myeongdong'),
  ('tx-1035', 60500, 'card', '2025-10-08 21:35:00', 'cu-036', 'st-myeongdong'),
  ('tx-1036', 61800, 'card', '2025-02-09 10:36:00', 'cu-037', 'st-myeongdong'),
  ('tx-1037', 63100, 'kakao_pay', '2025-02-10 11:37:00', 'cu-038', 'st-myeongdong'),
  ('tx-1038', 64400, 'naver_pay', '2025-03-11 12:38:00', 'cu-039', 'st-myeongdong'),
  ('tx-1039', 65700, 'cash', '2025-03-12 13:39:00', 'cu-040', 'st-myeongdong'),
  ('tx-1040', 67000, 'card', '2025-04-13 14:40:00', 'cu-041', 'st-myeongdong'),
  ('tx-1101', 21700, 'kakao_pay', '2025-02-02 12:07:00', 'cu-002', 'st-gangnam'),
  ('tx-1102', 23400, 'naver_pay', '2025-03-03 13:14:00', 'cu-003', 'st-gangnam'),
  ('tx-1103', 25100, 'card', '2025-04-04 14:21:00', 'cu-004', 'st-gangnam'),
  ('tx-1104', 26800, 'card', '2025-05-05 15:28:00', 'cu-005', 'st-gangnam'),
  ('tx-1105', 28500, 'kakao_pay', '2025-06-06 16:35:00', 'cu-006', 'st-gangnam'),
  ('tx-1106', 30200, 'naver_pay', '2025-07-07 17:42:00', 'cu-007', 'st-gangnam'),
  ('tx-1107', 31900, 'card', '2025-08-08 18:49:00', 'cu-008', 'st-gangnam'),
  ('tx-1108', 33600, 'card', '2025-09-09 19:56:00', 'cu-009', 'st-gangnam'),
  ('tx-1109', 35300, 'kakao_pay', '2025-10-10 20:03:00', 'cu-010', 'st-gangnam'),
  ('tx-1110', 37000, 'naver_pay', '2025-11-11 11:10:00', 'cu-011', 'st-gangnam'),
  ('tx-1111', 38700, 'card', '2025-12-12 12:17:00', 'cu-012', 'st-gangnam'),
  ('tx-1112', 40400, 'card', '2025-01-13 13:24:00', 'cu-013', 'st-gangnam'),
  ('tx-1113', 42100, 'kakao_pay', '2025-02-14 14:31:00', 'cu-014', 'st-gangnam'),
  ('tx-1114', 43800, 'naver_pay', '2025-03-15 15:38:00', 'cu-015', 'st-gangnam'),
  ('tx-1115', 45500, 'card', '2025-04-16 16:45:00', 'cu-016', 'st-gangnam'),
  ('tx-1116', 47200, 'card', '2025-05-17 17:52:00', 'cu-017', 'st-gangnam'),
  ('tx-1117', 48900, 'kakao_pay', '2025-06-18 18:59:00', 'cu-018', 'st-gangnam'),
  ('tx-1118', 50600, 'naver_pay', '2025-07-19 19:06:00', 'cu-019', 'st-gangnam'),
  ('tx-1119', 52300, 'card', '2025-08-20 20:13:00', 'cu-020', 'st-gangnam'),
  ('tx-1120', 54000, 'card', '2025-09-21 11:20:00', 'cu-021', 'st-gangnam'),
  ('tx-1121', 55700, 'kakao_pay', '2025-10-22 12:27:00', 'cu-022', 'st-gangnam'),
  ('tx-1122', 57400, 'naver_pay', '2025-11-23 13:34:00', 'cu-023', 'st-gangnam'),
  ('tx-1123', 59100, 'card', '2025-12-24 14:41:00', 'cu-024', 'st-gangnam'),
  ('tx-1124', 60800, 'card', '2025-01-25 15:48:00', 'cu-025', 'st-gangnam'),
  ('tx-1125', 62500, 'kakao_pay', '2025-02-26 16:55:00', 'cu-026', 'st-gangnam'),
  ('tx-1126', 64200, 'naver_pay', '2025-03-27 17:02:00', 'cu-027', 'st-gangnam'),
  ('tx-1127', 65900, 'card', '2025-04-28 18:09:00', 'cu-028', 'st-gangnam'),
  ('tx-1128', 67600, 'card', '2025-05-01 19:16:00', 'cu-029', 'st-gangnam'),
  ('tx-1129', 69300, 'kakao_pay', '2025-06-02 20:23:00', 'cu-030', 'st-gangnam'),
  ('tx-1130', 71000, 'naver_pay', '2025-07-03 11:30:00', 'cu-001', 'st-gangnam'),
  ('tx-1201', 14100, 'kakao_pay', '2025-02-02 14:03:00', 'cu-002', 'st-hongdae'),
  ('tx-1202', 16200, 'naver_pay', '2025-03-03 14:06:00', 'cu-003', 'st-hongdae'),
  ('tx-1203', 18300, 'card', '2025-04-04 14:09:00', 'cu-004', 'st-hongdae'),
  ('tx-1204', 20400, 'kakao_pay', '2025-05-05 14:12:00', 'cu-005', 'st-hongdae'),
  ('tx-1205', 22500, 'naver_pay', '2025-06-06 14:15:00', 'cu-006', 'st-hongdae'),
  ('tx-1206', 24600, 'card', '2025-07-07 14:18:00', 'cu-007', 'st-hongdae'),
  ('tx-1207', 26700, 'kakao_pay', '2025-08-08 14:21:00', 'cu-008', 'st-hongdae'),
  ('tx-1208', 28800, 'naver_pay', '2025-09-09 14:24:00', 'cu-009', 'st-hongdae'),
  ('tx-1209', 30900, 'card', '2025-10-10 14:27:00', 'cu-010', 'st-hongdae'),
  ('tx-1210', 33000, 'kakao_pay', '2025-11-11 14:30:00', 'cu-011', 'st-hongdae'),
  ('tx-1211', 35100, 'naver_pay', '2025-12-12 14:33:00', 'cu-012', 'st-hongdae'),
  ('tx-1212', 37200, 'card', '2025-01-13 14:36:00', 'cu-013', 'st-hongdae'),
  ('tx-1213', 39300, 'kakao_pay', '2025-02-14 14:39:00', 'cu-014', 'st-hongdae'),
  ('tx-1214', 41400, 'naver_pay', '2025-03-15 14:42:00', 'cu-015', 'st-hongdae'),
  ('tx-1215', 43500, 'card', '2025-04-16 14:45:00', 'cu-016', 'st-hongdae'),
  ('tx-1216', 45600, 'kakao_pay', '2025-05-17 14:48:00', 'cu-017', 'st-hongdae'),
  ('tx-1217', 47700, 'naver_pay', '2025-06-18 14:51:00', 'cu-018', 'st-hongdae'),
  ('tx-1218', 49800, 'card', '2025-07-19 14:54:00', 'cu-019', 'st-hongdae'),
  ('tx-1219', 51900, 'kakao_pay', '2025-08-20 14:57:00', 'cu-020', 'st-hongdae'),
  ('tx-1220', 54000, 'naver_pay', '2025-09-21 14:00:00', 'cu-021', 'st-hongdae'),
  ('tx-1221', 56100, 'card', '2025-10-22 14:03:00', 'cu-022', 'st-hongdae'),
  ('tx-1222', 58200, 'kakao_pay', '2025-11-23 14:06:00', 'cu-023', 'st-hongdae'),
  ('tx-1223', 60300, 'naver_pay', '2025-12-24 14:09:00', 'cu-024', 'st-hongdae'),
  ('tx-1224', 62400, 'card', '2025-01-25 14:12:00', 'cu-025', 'st-hongdae'),
  ('tx-1225', 64500, 'kakao_pay', '2025-02-26 14:15:00', 'cu-026', 'st-hongdae'),
  ('tx-1301', 11500, 'kakao_pay', '2025-02-04 16:05:00', 'cu-007', 'st-busan-seomyeon'),
  ('tx-1302', 13000, 'cash', '2025-03-07 16:10:00', 'cu-008', 'st-busan-seomyeon'),
  ('tx-1303', 14500, 'card', '2025-04-10 16:15:00', 'cu-009', 'st-busan-seomyeon'),
  ('tx-1304', 16000, 'kakao_pay', '2025-05-13 16:20:00', 'cu-010', 'st-busan-seomyeon'),
  ('tx-1305', 17500, 'cash', '2025-06-16 16:25:00', 'cu-011', 'st-busan-seomyeon'),
  ('tx-1306', 19000, 'card', '2025-07-19 16:30:00', 'cu-012', 'st-busan-seomyeon'),
  ('tx-1307', 20500, 'kakao_pay', '2025-08-22 16:35:00', 'cu-013', 'st-busan-seomyeon'),
  ('tx-1308', 22000, 'cash', '2025-09-25 16:40:00', 'cu-014', 'st-busan-seomyeon'),
  ('tx-1309', 23500, 'card', '2025-10-28 16:45:00', 'cu-015', 'st-busan-seomyeon'),
  ('tx-1310', 25000, 'kakao_pay', '2025-11-03 16:50:00', 'cu-016', 'st-busan-seomyeon'),
  ('tx-1311', 26500, 'cash', '2025-12-06 16:55:00', 'cu-017', 'st-busan-seomyeon'),
  ('tx-1312', 28000, 'card', '2025-01-09 16:00:00', 'cu-018', 'st-busan-seomyeon'),
  ('tx-1313', 29500, 'kakao_pay', '2025-02-12 16:05:00', 'cu-019', 'st-busan-seomyeon'),
  ('tx-1314', 31000, 'cash', '2025-03-15 16:10:00', 'cu-020', 'st-busan-seomyeon'),
  ('tx-1315', 32500, 'card', '2025-04-18 16:15:00', 'cu-021', 'st-busan-seomyeon'),
  ('tx-1316', 34000, 'kakao_pay', '2025-05-21 16:20:00', 'cu-022', 'st-busan-seomyeon'),
  ('tx-1317', 35500, 'cash', '2025-06-24 16:25:00', 'cu-023', 'st-busan-seomyeon'),
  ('tx-1318', 37000, 'card', '2025-07-27 16:30:00', 'cu-024', 'st-busan-seomyeon'),
  ('tx-1319', 38500, 'kakao_pay', '2025-08-02 16:35:00', 'cu-025', 'st-busan-seomyeon'),
  ('tx-1320', 40000, 'cash', '2025-09-05 16:40:00', 'cu-026', 'st-busan-seomyeon'),
  ('tx-1401', 9900, 'kakao_pay', '2025-02-02 10:11:00', 'cu-002', 'st-sinchon'),
  ('tx-1402', 11800, 'naver_pay', '2025-03-03 11:22:00', 'cu-003', 'st-itaewon'),
  ('tx-1403', 13700, 'card', '2025-04-04 12:33:00', 'cu-004', 'st-yeouido'),
  ('tx-1404', 15600, 'card', '2025-05-05 13:44:00', 'cu-005', 'st-coex'),
  ('tx-1405', 17500, 'kakao_pay', '2025-06-06 14:55:00', 'cu-006', 'st-suwon'),
  ('tx-1406', 19400, 'naver_pay', '2025-07-07 15:06:00', 'cu-007', 'st-bundang'),
  ('tx-1407', 21300, 'card', '2025-08-08 16:17:00', 'cu-008', 'st-ilsan'),
  ('tx-1408', 23200, 'card', '2025-09-09 17:28:00', 'cu-009', 'st-hanam'),
  ('tx-1409', 25100, 'kakao_pay', '2025-10-10 18:39:00', 'cu-010', 'st-incheon'),
  ('tx-1410', 27000, 'naver_pay', '2025-11-11 19:50:00', 'cu-011', 'st-busan-nampo'),
  ('tx-1411', 28900, 'card', '2025-12-12 20:01:00', 'cu-012', 'st-busan-haeundae'),
  ('tx-1412', 30800, 'card', '2025-01-13 21:12:00', 'cu-013', 'st-daegu'),
  ('tx-1413', 32700, 'kakao_pay', '2025-02-14 09:23:00', 'cu-014', 'st-daejeon'),
  ('tx-1414', 34600, 'naver_pay', '2025-03-15 10:34:00', 'cu-015', 'st-gwangju'),
  ('tx-1415', 36500, 'card', '2025-04-16 11:45:00', 'cu-016', 'st-dongdaemun'),
  ('tx-1416', 38400, 'card', '2025-05-17 12:56:00', 'cu-017', 'st-jamsil'),
  ('tx-1417', 40300, 'kakao_pay', '2025-06-18 13:07:00', 'cu-018', 'st-sinchon'),
  ('tx-1418', 42200, 'naver_pay', '2025-07-19 14:18:00', 'cu-019', 'st-itaewon'),
  ('tx-1419', 44100, 'card', '2025-08-20 15:29:00', 'cu-020', 'st-yeouido'),
  ('tx-1420', 46000, 'card', '2025-09-21 16:40:00', 'cu-021', 'st-coex'),
  ('tx-1421', 47900, 'kakao_pay', '2025-10-22 17:51:00', 'cu-022', 'st-suwon'),
  ('tx-1422', 49800, 'naver_pay', '2025-11-23 18:02:00', 'cu-023', 'st-bundang'),
  ('tx-1423', 51700, 'card', '2025-12-24 19:13:00', 'cu-024', 'st-ilsan'),
  ('tx-1424', 53600, 'card', '2025-01-25 20:24:00', 'cu-025', 'st-hanam'),
  ('tx-1425', 55500, 'kakao_pay', '2025-02-26 21:35:00', 'cu-026', 'st-incheon'),
  ('tx-1426', 57400, 'naver_pay', '2025-03-27 09:46:00', 'cu-027', 'st-busan-nampo'),
  ('tx-1427', 59300, 'card', '2025-04-28 10:57:00', 'cu-028', 'st-busan-haeundae'),
  ('tx-1428', 61200, 'card', '2025-05-01 11:08:00', 'cu-029', 'st-daegu'),
  ('tx-1429', 63100, 'kakao_pay', '2025-06-02 12:19:00', 'cu-030', 'st-daejeon'),
  ('tx-1430', 65000, 'naver_pay', '2025-07-03 13:30:00', 'cu-031', 'st-gwangju'),
  ('tx-1431', 66900, 'card', '2025-08-04 14:41:00', 'cu-032', 'st-dongdaemun'),
  ('tx-1432', 68800, 'card', '2025-09-05 15:52:00', 'cu-033', 'st-jamsil'),
  ('tx-1433', 70700, 'kakao_pay', '2025-10-06 16:03:00', 'cu-034', 'st-sinchon'),
  ('tx-1434', 72600, 'naver_pay', '2025-11-07 17:14:00', 'cu-035', 'st-itaewon'),
  ('tx-1435', 74500, 'card', '2025-12-08 18:25:00', 'cu-036', 'st-yeouido'),
  ('tx-1436', 76400, 'card', '2025-01-09 19:36:00', 'cu-037', 'st-coex'),
  ('tx-1437', 78300, 'kakao_pay', '2025-02-10 20:47:00', 'cu-038', 'st-suwon'),
  ('tx-1438', 80200, 'naver_pay', '2025-03-11 21:58:00', 'cu-039', 'st-bundang'),
  ('tx-1439', 82100, 'card', '2025-04-12 09:09:00', 'cu-040', 'st-ilsan'),
  ('tx-1440', 84000, 'card', '2025-05-13 10:20:00', 'cu-041', 'st-hanam'),
  ('tx-1441', 85900, 'kakao_pay', '2025-06-14 11:31:00', 'cu-042', 'st-incheon'),
  ('tx-1442', 87800, 'naver_pay', '2025-07-15 12:42:00', 'cu-043', 'st-busan-nampo'),
  ('tx-1443', 89700, 'card', '2025-08-16 13:53:00', 'cu-044', 'st-busan-haeundae'),
  ('tx-1444', 91600, 'card', '2025-09-17 14:04:00', 'cu-045', 'st-daegu'),
  ('tx-1445', 93500, 'kakao_pay', '2025-10-18 15:15:00', 'cu-046', 'st-daejeon'),
  ('tx-1446', 95400, 'naver_pay', '2025-11-19 16:26:00', 'cu-047', 'st-gwangju'),
  ('tx-1447', 97300, 'card', '2025-12-20 17:37:00', 'cu-048', 'st-dongdaemun'),
  ('tx-1448', 99200, 'card', '2025-01-21 18:48:00', 'cu-049', 'st-jamsil'),
  ('tx-1449', 101100, 'kakao_pay', '2025-02-22 19:59:00', 'cu-050', 'st-sinchon'),
  ('tx-1450', 8000, 'naver_pay', '2025-03-23 20:10:00', 'cu-001', 'st-itaewon'),
  ('tx-1451', 9900, 'card', '2025-04-24 21:21:00', 'cu-002', 'st-yeouido'),
  ('tx-1452', 11800, 'card', '2025-05-25 09:32:00', 'cu-003', 'st-coex'),
  ('tx-1453', 13700, 'kakao_pay', '2025-06-26 10:43:00', 'cu-004', 'st-suwon'),
  ('tx-1454', 15600, 'naver_pay', '2025-07-27 11:54:00', 'cu-005', 'st-bundang'),
  ('tx-1455', 17500, 'card', '2025-08-28 12:05:00', 'cu-006', 'st-ilsan'),
  ('tx-1456', 19400, 'card', '2025-09-01 13:16:00', 'cu-007', 'st-hanam'),
  ('tx-1457', 21300, 'kakao_pay', '2025-10-02 14:27:00', 'cu-008', 'st-incheon'),
  ('tx-1458', 23200, 'naver_pay', '2025-11-03 15:38:00', 'cu-009', 'st-busan-nampo'),
  ('tx-1459', 25100, 'card', '2025-12-04 16:49:00', 'cu-010', 'st-busan-haeundae'),
  ('tx-1460', 27000, 'card', '2025-01-05 17:00:00', 'cu-011', 'st-daegu'),
  ('tx-1461', 28900, 'kakao_pay', '2025-02-06 18:11:00', 'cu-012', 'st-daejeon'),
  ('tx-1462', 30800, 'naver_pay', '2025-03-07 19:22:00', 'cu-013', 'st-gwangju'),
  ('tx-1463', 32700, 'card', '2025-04-08 20:33:00', 'cu-014', 'st-dongdaemun'),
  ('tx-1464', 34600, 'card', '2025-05-09 21:44:00', 'cu-015', 'st-jamsil'),
  ('tx-1465', 36500, 'kakao_pay', '2025-06-10 09:55:00', 'cu-016', 'st-sinchon'),
  ('tx-1466', 38400, 'naver_pay', '2025-07-11 10:06:00', 'cu-017', 'st-itaewon'),
  ('tx-1467', 40300, 'card', '2025-08-12 11:17:00', 'cu-018', 'st-yeouido'),
  ('tx-1468', 42200, 'card', '2025-09-13 12:28:00', 'cu-019', 'st-coex'),
  ('tx-1469', 44100, 'kakao_pay', '2025-10-14 13:39:00', 'cu-020', 'st-suwon'),
  ('tx-1470', 46000, 'naver_pay', '2025-11-15 14:50:00', 'cu-021', 'st-bundang'),
  ('tx-1471', 47900, 'card', '2025-12-16 15:01:00', 'cu-022', 'st-ilsan'),
  ('tx-1472', 49800, 'card', '2025-01-17 16:12:00', 'cu-023', 'st-hanam'),
  ('tx-1473', 51700, 'kakao_pay', '2025-02-18 17:23:00', 'cu-024', 'st-incheon'),
  ('tx-1474', 53600, 'naver_pay', '2025-03-19 18:34:00', 'cu-025', 'st-busan-nampo'),
  ('tx-1475', 55500, 'card', '2025-04-20 19:45:00', 'cu-026', 'st-busan-haeundae'),
  ('tx-1476', 57400, 'card', '2025-05-21 20:56:00', 'cu-027', 'st-daegu'),
  ('tx-1477', 59300, 'kakao_pay', '2025-06-22 21:07:00', 'cu-028', 'st-daejeon'),
  ('tx-1478', 61200, 'naver_pay', '2025-07-23 09:18:00', 'cu-029', 'st-gwangju'),
  ('tx-1479', 63100, 'card', '2025-08-24 10:29:00', 'cu-030', 'st-dongdaemun'),
  ('tx-1480', 65000, 'card', '2025-09-25 11:40:00', 'cu-031', 'st-jamsil'),
  ('tx-1481', 66900, 'kakao_pay', '2025-10-26 12:51:00', 'cu-032', 'st-sinchon'),
  ('tx-1482', 68800, 'naver_pay', '2025-11-27 13:02:00', 'cu-033', 'st-itaewon'),
  ('tx-1483', 70700, 'card', '2025-12-28 14:13:00', 'cu-034', 'st-yeouido'),
  ('tx-1484', 72600, 'card', '2025-01-01 15:24:00', 'cu-035', 'st-coex'),
  ('tx-1485', 74500, 'kakao_pay', '2025-02-02 16:35:00', 'cu-036', 'st-suwon');

-- --- Transaction Items (CONTAINS edges) ---
INSERT INTO transaction_items (transaction_id, product_id, quantity, unit_price) VALUES
  ('tx-1001', 'p002', 2, 18000),
  ('tx-1002', 'p003', 3, 14900),
  ('tx-1003', 'p004', 1, 13800),
  ('tx-1004', 'p005', 2, 15800),
  ('tx-1005', 'p006', 3, 14500),
  ('tx-1006', 'p007', 1, 14500),
  ('tx-1007', 'p008', 2, 18000),
  ('tx-1008', 'p009', 3, 17000),
  ('tx-1009', 'p010', 1, 16000),
  ('tx-1010', 'p011', 2, 15000),
  ('tx-1011', 'p012', 3, 16500),
  ('tx-1012', 'p013', 1, 16800),
  ('tx-1013', 'p014', 2, 18500),
  ('tx-1014', 'p015', 3, 19800),
  ('tx-1015', 'p016', 1, 17000),
  ('tx-1016', 'p017', 2, 20000),
  ('tx-1017', 'p018', 3, 16000),
  ('tx-1018', 'p019', 1, 18500),
  ('tx-1019', 'p020', 2, 18000),
  ('tx-1020', 'p021', 3, 26000),
  ('tx-1021', 'p022', 1, 15800),
  ('tx-1022', 'p023', 2, 15800),
  ('tx-1023', 'p024', 3, 22000),
  ('tx-1024', 'p025', 1, 16500),
  ('tx-1025', 'p026', 2, 24000),
  ('tx-1026', 'p027', 3, 28000),
  ('tx-1027', 'p028', 1, 19500),
  ('tx-1028', 'p029', 2, 19800),
  ('tx-1029', 'p030', 3, 18900),
  ('tx-1030', 'p031', 1, 22000),
  ('tx-1031', 'p032', 2, 12500),
  ('tx-1032', 'p033', 3, 16000),
  ('tx-1033', 'p034', 1, 89000),
  ('tx-1034', 'p035', 2, 22000),
  ('tx-1035', 'p036', 3, 23800),
  ('tx-1036', 'p037', 1, 16500),
  ('tx-1037', 'p038', 2, 15000),
  ('tx-1038', 'p039', 3, 14500),
  ('tx-1039', 'p040', 1, 16800),
  ('tx-1040', 'p041', 2, 14900),
  ('tx-1101', 'p004', 2, 13800),
  ('tx-1102', 'p007', 1, 14500),
  ('tx-1103', 'p010', 2, 16000),
  ('tx-1104', 'p013', 1, 16800),
  ('tx-1105', 'p016', 2, 17000),
  ('tx-1106', 'p019', 1, 18500),
  ('tx-1107', 'p022', 2, 15800),
  ('tx-1108', 'p025', 1, 16500),
  ('tx-1109', 'p028', 2, 19500),
  ('tx-1110', 'p031', 1, 22000),
  ('tx-1111', 'p034', 2, 89000),
  ('tx-1112', 'p037', 1, 16500),
  ('tx-1113', 'p040', 2, 16800),
  ('tx-1114', 'p043', 1, 19800),
  ('tx-1115', 'p046', 2, 15000),
  ('tx-1116', 'p049', 1, 5500),
  ('tx-1117', 'p052', 2, 9800),
  ('tx-1118', 'p055', 1, 14800),
  ('tx-1119', 'p058', 2, 9800),
  ('tx-1120', 'p061', 1, 9900),
  ('tx-1121', 'p064', 2, 18000),
  ('tx-1122', 'p067', 1, 26000),
  ('tx-1123', 'p070', 2, 9000),
  ('tx-1124', 'p073', 1, 28000),
  ('tx-1125', 'p076', 2, 12000),
  ('tx-1126', 'p079', 1, 24000),
  ('tx-1127', 'p082', 2, 14900),
  ('tx-1128', 'p085', 1, 8900),
  ('tx-1129', 'p088', 2, 14500),
  ('tx-1130', 'p091', 1, 16900),
  ('tx-1201', 'p008', 1, 18000),
  ('tx-1202', 'p015', 1, 19800),
  ('tx-1203', 'p022', 1, 15800),
  ('tx-1204', 'p029', 1, 19800),
  ('tx-1205', 'p036', 1, 23800),
  ('tx-1206', 'p043', 1, 19800),
  ('tx-1207', 'p050', 1, 13500),
  ('tx-1208', 'p057', 1, 9900),
  ('tx-1209', 'p064', 1, 18000),
  ('tx-1210', 'p071', 1, 19800),
  ('tx-1211', 'p078', 1, 15000),
  ('tx-1212', 'p085', 1, 8900),
  ('tx-1213', 'p092', 1, 12000),
  ('tx-1214', 'p099', 1, 22000),
  ('tx-1215', 'p006', 1, 14500),
  ('tx-1216', 'p013', 1, 16800),
  ('tx-1217', 'p020', 1, 18000),
  ('tx-1218', 'p027', 1, 28000),
  ('tx-1219', 'p034', 1, 89000),
  ('tx-1220', 'p041', 1, 14900),
  ('tx-1221', 'p048', 1, 12000),
  ('tx-1222', 'p055', 1, 14800),
  ('tx-1223', 'p062', 1, 10800),
  ('tx-1224', 'p069', 1, 32000),
  ('tx-1225', 'p076', 1, 12000),
  ('tx-1301', 'p012', 2, 16500),
  ('tx-1302', 'p023', 1, 15800),
  ('tx-1303', 'p034', 2, 89000),
  ('tx-1304', 'p045', 1, 18500),
  ('tx-1305', 'p056', 2, 12500),
  ('tx-1306', 'p067', 1, 26000),
  ('tx-1307', 'p078', 2, 15000),
  ('tx-1308', 'p089', 1, 14500),
  ('tx-1309', 'p100', 2, 17500),
  ('tx-1310', 'p011', 1, 15000),
  ('tx-1311', 'p022', 2, 15800),
  ('tx-1312', 'p033', 1, 16000),
  ('tx-1313', 'p044', 2, 15000),
  ('tx-1314', 'p055', 1, 14800),
  ('tx-1315', 'p066', 2, 16000),
  ('tx-1316', 'p077', 1, 18000),
  ('tx-1317', 'p088', 2, 14500),
  ('tx-1318', 'p099', 1, 22000),
  ('tx-1319', 'p010', 2, 16000),
  ('tx-1320', 'p021', 1, 26000),
  ('tx-1401', 'p014', 2, 18500),
  ('tx-1402', 'p027', 3, 28000),
  ('tx-1403', 'p040', 1, 16800),
  ('tx-1404', 'p053', 2, 8000),
  ('tx-1405', 'p066', 3, 16000),
  ('tx-1406', 'p079', 1, 24000),
  ('tx-1407', 'p092', 2, 12000),
  ('tx-1408', 'p005', 3, 15800),
  ('tx-1409', 'p018', 1, 16000),
  ('tx-1410', 'p031', 2, 22000),
  ('tx-1411', 'p044', 3, 15000),
  ('tx-1412', 'p057', 1, 9900),
  ('tx-1413', 'p070', 2, 9000),
  ('tx-1414', 'p083', 3, 12900),
  ('tx-1415', 'p096', 1, 15900),
  ('tx-1416', 'p009', 2, 17000),
  ('tx-1417', 'p022', 3, 15800),
  ('tx-1418', 'p035', 1, 22000),
  ('tx-1419', 'p048', 2, 12000),
  ('tx-1420', 'p061', 3, 9900),
  ('tx-1421', 'p074', 1, 35000),
  ('tx-1422', 'p087', 2, 16800),
  ('tx-1423', 'p100', 3, 17500),
  ('tx-1424', 'p013', 1, 16800),
  ('tx-1425', 'p026', 2, 24000),
  ('tx-1426', 'p039', 3, 14500),
  ('tx-1427', 'p052', 1, 9800),
  ('tx-1428', 'p065', 2, 13500),
  ('tx-1429', 'p078', 3, 15000),
  ('tx-1430', 'p091', 1, 16900),
  ('tx-1431', 'p004', 2, 13800),
  ('tx-1432', 'p017', 3, 20000),
  ('tx-1433', 'p030', 1, 18900),
  ('tx-1434', 'p043', 2, 19800),
  ('tx-1435', 'p056', 3, 12500),
  ('tx-1436', 'p069', 1, 32000),
  ('tx-1437', 'p082', 2, 14900),
  ('tx-1438', 'p095', 3, 13500),
  ('tx-1439', 'p008', 1, 18000),
  ('tx-1440', 'p021', 2, 26000),
  ('tx-1441', 'p034', 3, 89000),
  ('tx-1442', 'p047', 1, 14800),
  ('tx-1443', 'p060', 2, 13500),
  ('tx-1444', 'p073', 3, 28000),
  ('tx-1445', 'p086', 1, 15900),
  ('tx-1446', 'p099', 2, 22000),
  ('tx-1447', 'p012', 3, 16500),
  ('tx-1448', 'p025', 1, 16500),
  ('tx-1449', 'p038', 2, 15000),
  ('tx-1450', 'p051', 3, 15000),
  ('tx-1451', 'p064', 1, 18000),
  ('tx-1452', 'p077', 2, 18000),
  ('tx-1453', 'p090', 3, 12500),
  ('tx-1454', 'p003', 1, 14900),
  ('tx-1455', 'p016', 2, 17000),
  ('tx-1456', 'p029', 3, 19800),
  ('tx-1457', 'p042', 1, 16500),
  ('tx-1458', 'p055', 2, 14800),
  ('tx-1459', 'p068', 3, 25000),
  ('tx-1460', 'p081', 1, 12900),
  ('tx-1461', 'p094', 2, 14800),
  ('tx-1462', 'p007', 3, 14500),
  ('tx-1463', 'p020', 1, 18000),
  ('tx-1464', 'p033', 2, 16000),
  ('tx-1465', 'p046', 3, 15000),
  ('tx-1466', 'p059', 1, 13000),
  ('tx-1467', 'p072', 2, 11800),
  ('tx-1468', 'p085', 3, 8900),
  ('tx-1469', 'p098', 1, 12000),
  ('tx-1470', 'p011', 2, 15000),
  ('tx-1471', 'p024', 3, 22000),
  ('tx-1472', 'p037', 1, 16500),
  ('tx-1473', 'p050', 2, 13500),
  ('tx-1474', 'p063', 3, 10800),
  ('tx-1475', 'p076', 1, 12000),
  ('tx-1476', 'p089', 2, 14500),
  ('tx-1477', 'p002', 3, 18000),
  ('tx-1478', 'p015', 1, 19800),
  ('tx-1479', 'p028', 2, 19500),
  ('tx-1480', 'p041', 3, 14900),
  ('tx-1481', 'p054', 1, 17000),
  ('tx-1482', 'p067', 2, 26000),
  ('tx-1483', 'p080', 3, 11800),
  ('tx-1484', 'p093', 1, 18500),
  ('tx-1485', 'p006', 2, 14500);

-- --- Reviews (80) ---
INSERT INTO reviews (id, rating, text, created_at, customer_id, product_id) VALUES
  ('rv-1', 4, '가성비 최고입니다. 재구매 의사 있어요', '2025-02-02 09:00:00', 'cu-002', 'p008'),
  ('rv-2', 5, '향이 좋고 발림성이 부드러워요', '2025-03-03 10:00:00', 'cu-003', 'p015'),
  ('rv-3', 3, '보통이에요. 기대만큼은 아니었어요', '2025-04-04 11:00:00', 'cu-004', 'p022'),
  ('rv-4', 4, '매일 쓰고 있는데 촉촉함이 지속돼요', '2025-05-05 12:00:00', 'cu-005', 'p029'),
  ('rv-5', 5, '선물로 줬는데 반응이 좋았어요', '2025-06-06 13:00:00', 'cu-006', 'p036'),
  ('rv-6', 4, '용량 대비 가격이 합리적이에요', '2025-07-07 14:00:00', 'cu-007', 'p043'),
  ('rv-7', 5, '민감성인데 자극 없이 잘 써요', '2025-08-08 15:00:00', 'cu-008', 'p050'),
  ('rv-8', 3, '텍스처가 가벼워서 여름에도 좋아요', '2025-09-09 16:00:00', 'cu-009', 'p057'),
  ('rv-9', 4, '패키지도 예쁘고 효과도 있어요', '2025-10-10 17:00:00', 'cu-010', 'p064'),
  ('rv-10', 5, '정말 좋아요! 피부가 확 달라졌어요', '2025-11-11 18:00:00', 'cu-011', 'p071'),
  ('rv-11', 4, '가성비 최고입니다. 재구매 의사 있어요', '2025-12-12 19:00:00', 'cu-012', 'p078'),
  ('rv-12', 5, '향이 좋고 발림성이 부드러워요', '2025-01-13 20:00:00', 'cu-013', 'p085'),
  ('rv-13', 3, '보통이에요. 기대만큼은 아니었어요', '2025-02-14 21:00:00', 'cu-014', 'p092'),
  ('rv-14', 4, '매일 쓰고 있는데 촉촉함이 지속돼요', '2025-03-15 08:00:00', 'cu-015', 'p099'),
  ('rv-15', 5, '선물로 줬는데 반응이 좋았어요', '2025-04-16 09:00:00', 'cu-016', 'p006'),
  ('rv-16', 4, '용량 대비 가격이 합리적이에요', '2025-05-17 10:00:00', 'cu-017', 'p013'),
  ('rv-17', 5, '민감성인데 자극 없이 잘 써요', '2025-06-18 11:00:00', 'cu-018', 'p020'),
  ('rv-18', 3, '텍스처가 가벼워서 여름에도 좋아요', '2025-07-19 12:00:00', 'cu-019', 'p027'),
  ('rv-19', 4, '패키지도 예쁘고 효과도 있어요', '2025-08-20 13:00:00', 'cu-020', 'p034'),
  ('rv-20', 5, '정말 좋아요! 피부가 확 달라졌어요', '2025-09-21 14:00:00', 'cu-021', 'p041'),
  ('rv-21', 4, '가성비 최고입니다. 재구매 의사 있어요', '2025-10-22 15:00:00', 'cu-022', 'p048'),
  ('rv-22', 5, '향이 좋고 발림성이 부드러워요', '2025-11-23 16:00:00', 'cu-023', 'p055'),
  ('rv-23', 3, '보통이에요. 기대만큼은 아니었어요', '2025-12-24 17:00:00', 'cu-024', 'p062'),
  ('rv-24', 4, '매일 쓰고 있는데 촉촉함이 지속돼요', '2025-01-25 18:00:00', 'cu-025', 'p069'),
  ('rv-25', 5, '선물로 줬는데 반응이 좋았어요', '2025-02-26 19:00:00', 'cu-026', 'p076'),
  ('rv-26', 4, '용량 대비 가격이 합리적이에요', '2025-03-27 20:00:00', 'cu-027', 'p083'),
  ('rv-27', 5, '민감성인데 자극 없이 잘 써요', '2025-04-28 21:00:00', 'cu-028', 'p090'),
  ('rv-28', 3, '텍스처가 가벼워서 여름에도 좋아요', '2025-05-01 08:00:00', 'cu-029', 'p097'),
  ('rv-29', 4, '패키지도 예쁘고 효과도 있어요', '2025-06-02 09:00:00', 'cu-030', 'p004'),
  ('rv-30', 5, '정말 좋아요! 피부가 확 달라졌어요', '2025-07-03 10:00:00', 'cu-031', 'p011'),
  ('rv-31', 4, '가성비 최고입니다. 재구매 의사 있어요', '2025-08-04 11:00:00', 'cu-032', 'p018'),
  ('rv-32', 5, '향이 좋고 발림성이 부드러워요', '2025-09-05 12:00:00', 'cu-033', 'p025'),
  ('rv-33', 3, '보통이에요. 기대만큼은 아니었어요', '2025-10-06 13:00:00', 'cu-034', 'p032'),
  ('rv-34', 4, '매일 쓰고 있는데 촉촉함이 지속돼요', '2025-11-07 14:00:00', 'cu-035', 'p039'),
  ('rv-35', 5, '선물로 줬는데 반응이 좋았어요', '2025-12-08 15:00:00', 'cu-036', 'p046'),
  ('rv-36', 4, '용량 대비 가격이 합리적이에요', '2025-01-09 16:00:00', 'cu-037', 'p053'),
  ('rv-37', 5, '민감성인데 자극 없이 잘 써요', '2025-02-10 17:00:00', 'cu-038', 'p060'),
  ('rv-38', 3, '텍스처가 가벼워서 여름에도 좋아요', '2025-03-11 18:00:00', 'cu-039', 'p067'),
  ('rv-39', 4, '패키지도 예쁘고 효과도 있어요', '2025-04-12 19:00:00', 'cu-040', 'p074'),
  ('rv-40', 5, '정말 좋아요! 피부가 확 달라졌어요', '2025-05-13 20:00:00', 'cu-041', 'p081'),
  ('rv-41', 4, '가성비 최고입니다. 재구매 의사 있어요', '2025-06-14 21:00:00', 'cu-042', 'p088'),
  ('rv-42', 5, '향이 좋고 발림성이 부드러워요', '2025-07-15 08:00:00', 'cu-043', 'p095'),
  ('rv-43', 3, '보통이에요. 기대만큼은 아니었어요', '2025-08-16 09:00:00', 'cu-044', 'p002'),
  ('rv-44', 4, '매일 쓰고 있는데 촉촉함이 지속돼요', '2025-09-17 10:00:00', 'cu-045', 'p009'),
  ('rv-45', 5, '선물로 줬는데 반응이 좋았어요', '2025-10-18 11:00:00', 'cu-046', 'p016'),
  ('rv-46', 4, '용량 대비 가격이 합리적이에요', '2025-11-19 12:00:00', 'cu-047', 'p023'),
  ('rv-47', 5, '민감성인데 자극 없이 잘 써요', '2025-12-20 13:00:00', 'cu-048', 'p030'),
  ('rv-48', 3, '텍스처가 가벼워서 여름에도 좋아요', '2025-01-21 14:00:00', 'cu-049', 'p037'),
  ('rv-49', 4, '패키지도 예쁘고 효과도 있어요', '2025-02-22 15:00:00', 'cu-050', 'p044'),
  ('rv-50', 5, '정말 좋아요! 피부가 확 달라졌어요', '2025-03-23 16:00:00', 'cu-001', 'p051'),
  ('rv-51', 4, '가성비 최고입니다. 재구매 의사 있어요', '2025-04-24 17:00:00', 'cu-002', 'p058'),
  ('rv-52', 5, '향이 좋고 발림성이 부드러워요', '2025-05-25 18:00:00', 'cu-003', 'p065'),
  ('rv-53', 3, '보통이에요. 기대만큼은 아니었어요', '2025-06-26 19:00:00', 'cu-004', 'p072'),
  ('rv-54', 4, '매일 쓰고 있는데 촉촉함이 지속돼요', '2025-07-27 20:00:00', 'cu-005', 'p079'),
  ('rv-55', 5, '선물로 줬는데 반응이 좋았어요', '2025-08-28 21:00:00', 'cu-006', 'p086'),
  ('rv-56', 4, '용량 대비 가격이 합리적이에요', '2025-09-01 08:00:00', 'cu-007', 'p093'),
  ('rv-57', 5, '민감성인데 자극 없이 잘 써요', '2025-10-02 09:00:00', 'cu-008', 'p100'),
  ('rv-58', 3, '텍스처가 가벼워서 여름에도 좋아요', '2025-11-03 10:00:00', 'cu-009', 'p007'),
  ('rv-59', 4, '패키지도 예쁘고 효과도 있어요', '2025-12-04 11:00:00', 'cu-010', 'p014'),
  ('rv-60', 5, '정말 좋아요! 피부가 확 달라졌어요', '2025-01-05 12:00:00', 'cu-011', 'p021'),
  ('rv-61', 4, '가성비 최고입니다. 재구매 의사 있어요', '2025-02-06 13:00:00', 'cu-012', 'p028'),
  ('rv-62', 5, '향이 좋고 발림성이 부드러워요', '2025-03-07 14:00:00', 'cu-013', 'p035'),
  ('rv-63', 3, '보통이에요. 기대만큼은 아니었어요', '2025-04-08 15:00:00', 'cu-014', 'p042'),
  ('rv-64', 4, '매일 쓰고 있는데 촉촉함이 지속돼요', '2025-05-09 16:00:00', 'cu-015', 'p049'),
  ('rv-65', 5, '선물로 줬는데 반응이 좋았어요', '2025-06-10 17:00:00', 'cu-016', 'p056'),
  ('rv-66', 4, '용량 대비 가격이 합리적이에요', '2025-07-11 18:00:00', 'cu-017', 'p063'),
  ('rv-67', 5, '민감성인데 자극 없이 잘 써요', '2025-08-12 19:00:00', 'cu-018', 'p070'),
  ('rv-68', 3, '텍스처가 가벼워서 여름에도 좋아요', '2025-09-13 20:00:00', 'cu-019', 'p077'),
  ('rv-69', 4, '패키지도 예쁘고 효과도 있어요', '2025-10-14 21:00:00', 'cu-020', 'p084'),
  ('rv-70', 5, '정말 좋아요! 피부가 확 달라졌어요', '2025-11-15 08:00:00', 'cu-021', 'p091'),
  ('rv-71', 4, '가성비 최고입니다. 재구매 의사 있어요', '2025-12-16 09:00:00', 'cu-022', 'p098'),
  ('rv-72', 5, '향이 좋고 발림성이 부드러워요', '2025-01-17 10:00:00', 'cu-023', 'p005'),
  ('rv-73', 3, '보통이에요. 기대만큼은 아니었어요', '2025-02-18 11:00:00', 'cu-024', 'p012'),
  ('rv-74', 4, '매일 쓰고 있는데 촉촉함이 지속돼요', '2025-03-19 12:00:00', 'cu-025', 'p019'),
  ('rv-75', 5, '선물로 줬는데 반응이 좋았어요', '2025-04-20 13:00:00', 'cu-026', 'p026'),
  ('rv-76', 4, '용량 대비 가격이 합리적이에요', '2025-05-21 14:00:00', 'cu-027', 'p033'),
  ('rv-77', 5, '민감성인데 자극 없이 잘 써요', '2025-06-22 15:00:00', 'cu-028', 'p040'),
  ('rv-78', 3, '텍스처가 가벼워서 여름에도 좋아요', '2025-07-23 16:00:00', 'cu-029', 'p047'),
  ('rv-79', 4, '패키지도 예쁘고 효과도 있어요', '2025-08-24 17:00:00', 'cu-030', 'p054'),
  ('rv-80', 5, '정말 좋아요! 피부가 확 달라졌어요', '2025-09-25 18:00:00', 'cu-031', 'p061');
